fair_value,take_edge,quote_edge,position_size,inventory_skew,flatten_threshold,total_profit,mean_profit,median_profit,profit_std,variance,VaR_5,CVaR_5,worst_path_profit,objective_score,sharpe,profit_per_trade,mean_trades_per_path,median_trades_per_path,max_drawdown,hit_rate,hit_rate_active,mean_round_trips_per_path,turnover,inventory_std,max_drawdown_worst,turnover_per_trade,historical_final_pnl,n_eval_paths
9998.0,0.0,1,10,0.0,40,-193783.29465887195,-3875.665893177439,-3585.997510800371,4239.946206973546,17977143.838029362,-12770.622263248899,-15436.290089243363,-16449.514928363962,-8992447.584907858,-0.9140837416291082,-37.922366860836,102.2,94.0,7841.6869552782155,0.40584,0.94,29.76,13803300.8,10.406913244054163,16754.067877766414,135061.6516634051,0.0,50
9998.0,0.0,1,10,0.0,75,-156878.4216545122,-3137.568433090244,-2027.63072329032,4051.9314857954737,16418148.765580716,-9907.39939555811,-13727.491016086386,-16555.559875337756,-8212211.951223448,-0.7743389650315134,-28.164887191115294,111.4,106.5,7836.013756570448,0.40738,0.98,41.52,12878027.46,10.811244802091379,16696.07248967071,115601.6827648115,0.0,50
9998.0,0.0,1,10,1.0,40,-178013.9283116691,-3560.2785662333818,-3111.791395223816,4016.108764518811,16129129.60844481,-9503.11748898651,-12582.06651165802,-15851.742191491765,-8068125.082788639,-0.8864995384802705,-32.237219904322544,110.44,97.5,7474.291955704768,0.40707,0.92,34.08,14621195.2,10.80935441848878,16845.90880175226,132390.39478449838,0.0,50
9998.0,0.0,1,10,1.0,75,-116016.9402656143,-2320.3388053122862,-854.5475250293966,3774.9418840840995,14250186.22821241,-8416.97855062781,-12626.528198632295,-17598.765994675574,-7127413.452911518,-0.6146687489666207,-17.18514890617898,135.02,116.5,6733.8278018887595,0.40709,0.94,53.3,15354134.62,11.73351217033291,17922.929869035463,113717.4834839283,0.0,50
9998.0,0.0,1,40,0.0,40,-145400.75153472938,-2908.0150306945875,-2179.1101657619583,3546.387337056034,12576863.144431388,-9102.728923288425,-10245.699064004313,-10839.55974157073,-6291339.587246388,-0.8199936313521243,-69.83705645279989,41.64,34.5,6439.843179076216,0.40662,0.96,27.14,16472737.6,5.811521610978399,13137.484900435345,395598.8856868396,0.0,50
9998.0,0.0,1,40,0.0,75,-159348.721366451,-3186.9744273290203,-2279.5305933925556,4213.372166978995,17752505.01747327,-11347.380525843711,-13236.872607948453,-13914.856265743496,-8879439.483163964,-0.7563951868067087,-60.33650941554374,52.82,46.0,7746.4656747586105,0.4067,0.9,27.96,19955240.72,7.580706390989417,16617.7069407705,377797.06020446797,0.0,50
9998.0,0.0,1,40,1.0,40,-127851.38232660198,-2557.0276465320394,-2310.7272869183507,2739.35930477049,7504089.400632661,-7293.240090783371,-8314.158082341697,-8977.266662561568,-3754601.7279628622,-0.933440035441185,-47.10809960449593,54.28,47.5,5901.218472979325,0.40558,0.94,37.52,21519709.6,5.564433359736561,10966.020074856468,396457.4355195284,0.0,50
9998.0,0.0,1,40,1.0,75,-116617.3137341725,-2332.34627468345,-1305.2328502766322,4192.123188185704,17573896.824924268,-9463.692514635255,-13307.8560200197,-17475.576295595616,-8789280.758736817,-0.5563639640304325,-36.25033066029608,64.34,48.0,7545.548253957981,0.407,0.94,37.3,24560731.6,8.88182215769011,17699.466164601916,381733.4721790488,0.0,50
9998.0,0.0,3,10,0.0,40,-123790.58859678713,-2475.8117719357424,-1784.0329520840314,4017.427969884917,16139727.493213642,-9249.493113695014,-9962.836117055189,-10328.90360200638,-8072339.558378757,-0.6162678685203777,-35.12786282542199,70.48,57.5,7380.521007725405,0.40713,0.9,18.82,9678129.0,10.926550136302646,12824.369082619669,137317.3808172531,0.0,50
9998.0,0.0,3,10,0.0,75,-168069.003807568,-3361.38007615136,-3223.3727912183967,4632.411010279165,21459231.768155634,-11428.00364071839,-11863.657644497502,-12008.703762725345,-10732977.264153969,-0.7256221584595677,-37.282387712415265,90.16,73.5,8047.419747204054,0.4074600000000001,0.98,31.98,10546420.52,11.612770064810116,16029.654692206881,116974.49556344276,0.0,50
9998.0,0.0,3,10,1.0,40,-125873.56171601632,-2517.4712343203264,-2107.1140839405707,4442.998174978381,19740232.78286122,-11771.015180330094,-12447.805332332035,-12786.399181360612,-9872633.86266493,-0.5666154103995348,-32.0044652214636,78.66,74.5,7210.878884020612,0.40757000000000004,0.88,21.48,10761886.8,11.672182299225344,14200.177483634994,136815.24027459955,0.0,50
9998.0,0.0,3,10,1.0,75,-184679.26988692023,-3693.5853977384045,-3131.2400953613687,4941.375559972975,24417192.42469823,-13210.30257629269,-16117.68260337649,-17488.765994675574,-12212289.797746854,-0.7474812130567662,-48.70233910520048,75.84,70.0,8447.174396892235,0.40658,0.88,26.9,8719106.28,10.68574038866207,18049.188001877395,114967.11867088606,0.0,50
9998.0,0.0,3,40,0.0,40,-68367.17106660685,-1367.343421332137,-963.7172335200594,3800.2122784876597,14441613.361568369,-7754.892578662309,-8968.457170457035,-9821.67432552774,-7222174.024205517,-0.35980711632138823,-44.2792558721547,30.88,28.5,6084.609193446974,0.40928000000000003,0.94,19.12,12161540.8,7.791322249659516,11411.09158846602,393832.2797927462,0.0,50
9998.0,0.0,3,40,0.0,75,-104745.08974473027,-2094.9017948946052,-732.6072038004058,5221.226582516492,27261207.025976848,-11856.766590462072,-13288.776719689913,-14812.309267155128,-13632698.41478332,-0.40122790340282777,-56.10342246637936,37.34,35.0,7951.844129220159,0.40857,0.94,18.36,13838841.88,9.057377855817267,16233.048416569836,370617.08302088914,0.0,50
9998.0,0.0,3,40,1.0,40,-133455.90640211856,-2669.118128042371,-2568.092510833114,3910.012317713454,15288196.324670937,-8913.553219707257,-10622.209774532937,-11545.293941223761,-7646767.280463511,-0.6826367569099038,-100.19212192351243,26.64,27.0,7146.824532663476,0.4065599999999999,0.92,16.36,10475900.4,7.166770305914351,18129.46941925818,393239.5045045045,0.0,50
9998.0,0.0,3,40,1.0,75,-88589.21807345061,-1771.7843614690123,-457.69598467851756,5547.762394133226,30777667.581758823,-10523.360978253611,-15406.737264247262,-17845.624525030842,-15390605.57524088,-0.3193691862763192,-49.24358981292419,35.98,33.5,7931.841085730769,0.40832,0.96,18.3,13461314.44,9.457006171763805,19500.52778742113,374133.25291828794,0.0,50
9998.0,1.0,1,10,0.0,40,-192475.1943121449,-3849.503886242898,-2653.666843372048,3907.934171773657,15271949.490916258,-9633.74789266137,-10386.80370616288,-10889.694482931402,-7639824.249344372,-0.985048293301925,-36.536673179981946,105.36,83.5,7509.30106120919,0.40559999999999996,1.0,30.86,14229159.6,10.792885549408888,14395.4536052217,135052.76765375855,0.0,50
9998.0,1.0,1,10,0.0,75,-235204.49183915177,-4704.089836783035,-4109.063397358113,4508.2277596079975,20324117.532500144,-14141.484074182523,-15041.570331510777,-15971.525873651844,-10166762.856086856,-1.0434454707299492,-45.26645339475592,103.92,95.0,8849.070523144406,0.40424,0.92,38.1,12030047.36,10.300864995278335,17004.578862016246,115762.5804464973,0.0,50
9998.0,1.0,1,10,1.0,40,-180257.77574183402,-3605.1555148366806,-2990.4468506643316,4566.7359994021335,20855077.688235402,-11415.228071479789,-15675.891573637413,-18546.436003654147,-10431143.999632537,-0.7894381272111787,-34.83915263661268,103.48,80.5,7574.8509899553865,0.40618000000000004,0.92,31.94,13631331.4,10.553240275107065,19538.861207658076,131729.13993042134,0.0,50
9998.0,1.0,1,10,1.0,75,-230856.9993763817,-4617.139987527634,-4668.48331513931,3922.2207773192813,15383815.826035067,-10226.769717894169,-12844.405238957765,-17578.765994675574,-7696525.053005061,-1.177174934727191,-44.0650886383626,104.78,91.0,8879.617889578298,0.4042599999999999,0.9,40.24,11888222.8,10.339612460337216,17902.929869035463,113458.8929184959,0.0,50
9998.0,1.0,1,40,0.0,40,-142835.83224986092,-2856.7166449972183,-2398.9973871281836,3471.697751206445,12052685.275731886,-8465.568346037704,-9778.730770627231,-11174.514288624516,-6029199.35451094,-0.8228586846316508,-63.285703256473596,45.14,40.0,6432.243632719335,0.40729000000000004,0.94,29.36,17864421.6,5.767559223375067,11481.10972755868,395755.90607000445,0.0,50
9998.0,1.0,1,40,0.0,75,-189575.20018959383,-3791.5040037918766,-2882.281891119841,4150.285050232076,17224865.998179868,-10736.569376311842,-11963.226701037105,-13021.771739145508,-8616224.503093725,-0.9135526735877934,-87.92912810278007,43.12,40.0,8576.07438302188,0.40554,0.96,22.74,16255559.64,7.101216841664242,16557.99409594881,376984.2217068646,0.0,50
9998.0,1.0,1,40,1.0,40,-174656.07546144055,-3493.1215092288107,-2601.643216646975,3171.718989964516,10059801.35130153,-9419.657588669284,-10380.104875502331,-11046.441577326274,-5033393.797159994,-1.1013338572175302,-84.1310575440465,41.52,41.0,6613.732015740528,0.4031699999999999,0.92,28.4,16432773.6,5.168363521405942,13236.233985646599,395779.7109826589,0.0,50
9998.0,1.0,1,40,1.0,75,-234456.15016547206,-4689.123003309442,-4052.4335671414738,4391.360468105125,19284046.76083646,-13406.829714286967,-14264.83522805525,-15297.61742652976,-9646712.50342154,-1.0678064434395507,-105.04307803112549,44.64,33.0,8557.011946579953,0.4058300000000001,0.9,25.48,17035441.24,7.0875965837896535,22816.299257046136,381618.3073476702,0.0,50
9998.0,1.0,3,10,0.0,40,-103562.28979098599,-2071.2457958197197,-1241.0743226974737,4289.024452514008,18395730.754263088,-10222.96197894835,-12080.837469783999,-14126.176264761132,-9199936.622927364,-0.48291769346411106,-26.418951477292342,78.4,66.0,7296.635963586759,0.40858999999999995,0.96,20.9,10853830.0,11.786342666888169,21228.045143923722,138441.70918367346,0.0,50
9998.0,1.0,3,10,0.0,75,-139768.272918173,-2795.3654583634598,-2853.6681352895102,4069.579571691843,16561477.890331564,-9795.320947374228,-10775.046262112446,-11875.093630960095,-8283534.310624146,-0.6868929355276515,-35.90245900800745,77.86,66.5,8154.6974240830405,0.40798,0.98,27.26,9082091.1,10.812600702066689,14498.523248957761,116646.43077318263,0.0,50
9998.0,1.0,3,10,1.0,40,-127063.68045680426,-2541.2736091360853,-1520.8356421294739,4859.103837241877,23610890.10109873,-11496.795484431297,-13657.843829843061,-15385.189216981875,-11807986.3241585,-0.5229922418324032,-33.92888663733091,74.9,67.0,7342.114118041387,0.40753,0.9,20.72,10174150.0,11.606514340633728,15505.70183131483,135836.44859813084,0.0,50
9998.0,1.0,3,10,1.0,75,-140723.0490025627,-2814.460980051254,-2349.3143183433567,4609.153378291297,21244294.864614073,-9653.273954679491,-14009.978689375139,-20767.214291170938,-10624961.893287089,-0.6106242836930758,-35.43768547030035,79.42,69.5,7933.801612063158,0.4079899999999999,0.9,27.56,9219408.88,10.762035801760538,21022.921556741814,116084.2216066482,0.0,50
9998.0,1.0,3,40,0.0,40,-79361.65677262624,-1587.233135452525,-1211.4315121702384,3795.6784685062357,14407175.036281843,-8915.624276422164,-11329.222476992369,-13107.207592707244,-7205174.751276374,-0.4181684904614041,-56.36481304874023,28.16,24.0,5969.391378929338,0.40893000000000007,0.94,17.4,11073914.4,7.580520576975935,14439.350401501986,393249.80113636365,0.0,50
9998.0,1.0,3,40,0.0,75,-91623.0070746204,-1832.460141492408,116.61372748372378,5918.642771977786,35030332.26228488,-12505.275867027323,-15074.421798679008,-19124.18143248663,-17516998.591283932,-0.3096081672926781,-47.670659247981476,38.44,32.0,7960.597966883511,0.4095799999999999,0.92,19.4,14451602.12,9.467971875598675,20905.211276980466,375952.1883454735,0.0,50
9998.0,1.0,3,40,1.0,40,-40948.90241604592,-818.9780483209184,-261.20333638897864,3773.876160647443,14242141.275903087,-6666.228591685108,-9441.086153427235,-11990.820698921452,-7121889.615999864,-0.2170124332273262,-24.62351317862052,33.26,30.0,5803.31787681198,0.4122799999999999,0.92,20.78,13129368.8,7.893736486510722,13524.808436129999,394749.5129284426,0.0,50
9998.0,1.0,3,40,1.0,75,-82188.8142947689,-1643.7762858953781,-2210.5631115277647,4566.05847630425,20848890.009029888,-8716.557791781215,-9466.515150896195,-10293.583328201901,-10426088.78080084,-0.35999895630453776,-50.05408909547436,32.84,26.0,7814.165449556593,0.4106099999999999,0.92,16.8,12392393.04,8.929578195868887,13506.70602114289,377356.66991473804,0.0,50
10002.0,0.0,1,10,0.0,40,-208033.35554011943,-4160.667110802388,-3118.619945149112,4091.743577729768,16742365.505892802,-10398.803916444373,-13579.373669388471,-16587.60454255587,-8375343.420057204,-1.0168445387063685,-41.05651382279839,101.34,89.5,7884.87980743755,0.4054200000000001,0.92,29.98,13608753.2,10.53464841685791,16866.481430398897,134288.0718373791,0.0,50
10002.0,0.0,1,10,0.0,75,-173178.97030156862,-3463.5794060313724,-2166.314922617865,4439.2995346920625,19707380.358717166,-12486.797700872783,-15424.520137029778,-16729.514928363962,-9857153.758764613,-0.7802085394246431,-27.101560297585074,127.8,120.0,7680.228179947235,0.40843,0.96,47.74,14805214.58,11.078279676435152,16994.067877766414,115846.74945226917,0.0,50
10002.0,0.0,1,10,1.0,40,-153703.3373689767,-3074.0667473795343,-1809.8588592131273,4319.5102733017,18658169.00115893,-11024.64114173635,-13820.337759390395,-15891.742191491765,-9332158.567326846,-0.7116702016844841,-24.95184048197674,123.2,110.5,6882.728328948568,0.4077300000000001,0.98,38.28,16329266.8,11.759055427256001,16951.68225788395,132542.75,0.0,50
10002.0,0.0,1,10,1.0,75,-181107.95053601224,-3622.1590107202446,-2977.1216125205974,3990.888653102642,15927192.24146342,-10845.378454883315,-14023.355406607734,-17765.576295595616,-7967218.279742431,-0.907607133539884,-29.86608682981732,121.28,107.5,7745.869172756595,0.40690000000000004,0.98,46.36,13908018.06,11.194728674272003,18127.26228203252,114676.92991424803,0.0,50
10002.0,0.0,1,40,0.0,40,-119929.35486427869,-2398.5870972855737,-1797.3464534525992,3878.301625152383,15041223.495659618,-8505.379981546623,-11767.315904687663,-15896.945145989303,-7523010.334927094,-0.6184632679751183,-48.12574432755966,49.84,44.0,6137.813457629656,0.40893,0.98,32.48,19751925.6,6.318069179472582,17023.675199745456,396306.6934189406,0.0,50
10002.0,0.0,1,40,0.0,75,-211239.73212871514,-4224.794642574303,-3361.825056849222,5361.069468155575,28741065.842389904,-15460.161334253107,-18603.127417704363,-19762.18143248663,-14374757.715837527,-0.7880507178033295,-78.49859982486628,53.82,47.0,8100.3858769645,0.40498000000000006,0.94,28.36,20318446.6,7.762584785056107,21263.112182179873,377525.94946116686,0.0,50
10002.0,0.0,1,40,1.0,40,-161441.5424332737,-3228.8308486654737,-2650.5600063033053,3166.8035010357216,10028644.414172104,-8787.756824997876,-10287.845022527928,-11557.847413724056,-5017551.037934718,-1.0195867371020797,-66.16456657101381,48.8,46.5,6837.422296210646,0.40457,0.96,33.72,19346875.0,5.592774942822557,12803.034342947882,396452.3565573771,0.0,50
10002.0,0.0,1,40,1.0,75,-186992.7614145961,-3739.8552282919222,-2673.6929586399347,3698.0984619581845,13675932.23433749,-10283.056594405818,-11027.09804752923,-11321.82127303537,-6841705.972397037,-1.0112914155105042,-72.42167366947952,51.64,52.5,7911.7861894290345,0.40495,0.94,29.62,19727109.48,8.230611238129697,14171.472476412775,382012.1897753679,0.0,50
10002.0,0.0,3,10,0.0,40,-157155.41334270162,-3143.1082668540325,-2224.1839369378285,4070.1900673531422,16566447.184380176,-10872.107819448167,-12561.615778814574,-14489.290815408458,-8286366.7004569415,-0.7722264107674052,-42.78666303912378,73.46,61.0,7496.971014879993,0.40730999999999995,0.96,19.38,10128123.8,11.784768815553745,16091.950839158148,137872.6354478628,0.0,50
10002.0,0.0,3,10,0.0,75,-164869.40070840623,-3297.3880141681248,-2387.634622459591,5889.015039761329,34680498.13853513,-14972.733364684926,-16622.38662985557,-18262.624525030842,-17343546.45728173,-0.5599218191674379,-35.95842981644629,91.7,74.5,8448.890092587997,0.4072399999999999,0.92,32.64,10702956.08,11.536934111538674,19776.159625553235,116717.07829880044,0.0,50
10002.0,0.0,3,10,1.0,40,-96572.20028432424,-1931.4440056864848,-1430.8937098284368,3828.5469430662097,14657771.69526162,-8690.97430195267,-10529.713423594521,-13015.587502931943,-7330817.291636497,-0.5044848696929191,-24.579333236020425,78.58,73.5,7225.772291006318,0.40802,0.96,21.5,10750119.0,11.692304303346459,14326.959894667845,136804.77220666836,0.0,50
10002.0,0.0,3,10,1.0,75,-136731.98570064272,-2734.6397140128543,-1689.367103330209,4932.4715912704,24329275.998689543,-10281.253733125946,-13461.724322995326,-15460.525873651844,-12167372.639058786,-0.5544157048673382,-34.729993827950906,78.74,66.0,8047.0112290761435,0.40762,0.92,27.5,9193410.28,10.566633261292873,17286.336945951625,116756.54406908814,0.0,50
10002.0,0.0,3,40,0.0,40,-97990.53236624907,-1959.8106473249813,-1558.3368075847975,3985.716299867243,15885934.423027424,-9056.635619931667,-11146.490094319335,-13823.661036476493,-7944927.022161037,-0.49170851608022564,-76.61495884773188,25.58,23.5,6658.787541752588,0.40801000000000004,0.94,15.58,10050050.4,7.333213525923513,14483.116549320635,392887.036747459,0.0,50
10002.0,0.0,3,40,0.0,75,-150884.67977622082,-3017.693595524416,-2565.673224211496,4944.781842666221,24450867.471561547,-11493.513173611247,-14037.626787484469,-17763.765994675574,-12228451.429376299,-0.6102784089452709,-81.86906119165535,36.86,33.5,8588.625466593832,0.40774,0.92,17.86,13578243.36,9.293016116640894,18097.929869035725,368373.3955507325,0.0,50
10002.0,0.0,3,40,1.0,40,-73446.7472285339,-1468.934944570678,-1255.3457526155398,3952.386347755553,15621357.84192448,-7661.709742704092,-8766.505936542992,-9665.945549645345,-7812147.855906811,-0.37165773163963906,-48.93187690108854,30.02,25.5,6383.862332537083,0.40945,0.98,18.82,11832330.8,8.006467158059218,12518.870549499086,394148.26115922723,0.0,50
10002.0,0.0,3,40,1.0,75,-173376.53336772264,-3467.530667354453,-2760.8320870256284,5730.646832678366,32840313.120886594,-12196.031550354533,-13783.466218853098,-15974.009490884026,-16423624.091110652,-0.6050853888919914,-107.02255146155719,32.4,25.0,9125.156102736106,0.40602000000000005,0.96,16.3,12039931.08,8.98603474053754,22477.394524637435,371602.81111111114,0.0,50
10002.0,1.0,1,10,0.0,40,-254174.02306736974,-5083.480461347394,-4576.387675078062,4870.198005243035,23718828.610273242,-14582.13338848254,-16823.07658773063,-18766.436003654147,-11864497.785597969,-1.0437933849658072,-53.79344403542216,94.5,76.5,8774.645780042465,0.40422,0.96,27.22,12770555.0,9.889867604132291,20979.823051429732,135138.14814814815,0.0,50
10002.0,1.0,1,10,0.0,75,-208982.2003128117,-4179.644006256234,-3456.36709351273,4258.626435394183,18135899.116238166,-12038.71795936693,-14162.16728526509,-16312.525873651844,-9072129.202125339,-0.9814535436866464,-39.12059159730657,106.84,99.0,8416.31415425479,0.40675999999999995,0.94,39.48,12359722.14,10.519271909357617,17400.77064576582,115684.40789966306,0.0,50
10002.0,1.0,1,10,1.0,40,-133436.58819901032,-2668.7317639802063,-2198.833303220221,3265.6097291693163,10664206.903245296,-8947.287504785776,-9556.177021256648,-9905.518151371973,-5334772.1833866285,-0.8172231176743349,-21.60566518766359,123.52,119.0,6890.330849149278,0.40646,0.92,38.08,16427302.2,11.677394613462857,12955.527988715665,132993.05537564767,0.0,50
10002.0,1.0,1,10,1.0,75,-141236.59581535164,-2824.731916307033,-2921.3143183433567,3634.2270090432203,13207605.953259232,-9788.139310302917,-10373.994540866619,-10610.198019327014,-6606627.708545923,-0.7772579724044042,-20.806805511984628,135.76,130.0,7091.294569482894,0.40740000000000004,0.98,53.06,15487566.94,12.110679764936622,12357.898055544472,114080.48718326459,0.0,50
10002.0,1.0,1,40,0.0,40,-116366.73665189458,-2327.3347330378915,-1957.1378127468051,3372.7154067163897,11375209.214702101,-9229.427389971004,-10903.84735874952,-11477.847413724056,-5689931.942084089,-0.6900477663791531,-50.748685849059996,45.86,36.5,5883.067448483517,0.4083,0.96,29.84,18161639.6,5.9125522864148135,12996.364511255058,396023.5412123856,0.0,50
10002.0,1.0,1,40,0.0,75,-164468.742300114,-3289.3748460022803,-2930.918422111019,4630.998494004776,21446147.051474504,-11486.541926934558,-12703.307812435902,-13615.726829374325,-10726362.900583254,-0.7102949504863685,-54.58637314972254,60.26,57.0,7996.984353008291,0.4078699999999999,0.9,32.36,22807370.76,8.167818956403336,15287.176795713254,378482.7540657153,0.0,50
10002.0,1.0,1,40,1.0,40,-163813.17749984557,-3276.2635499969115,-2994.5591146104853,2770.163687355764,7673806.854744483,-7719.671124864224,-8543.406998780169,-8857.266662561568,-3840179.6909222384,-1.1826967355575504,-57.217316625862935,57.26,52.5,6024.200847297974,0.40763999999999995,0.98,39.46,22718553.2,6.164279631783431,10695.552978508873,396761.3202933985,0.0,50
10002.0,1.0,1,40,1.0,75,-202933.73712010635,-4058.674742402127,-4095.2757959090522,4112.151979362529,16909793.90137517,-10472.49978136184,-11186.499109775526,-12338.68243072112,-8458955.625429988,-0.9869953160219336,-66.44850593323719,61.08,53.0,8224.612081727726,0.40543000000000007,0.96,35.6,23386606.84,9.016137441306787,14171.472476412775,382884.8533071382,0.0,50
10002.0,1.0,3,10,0.0,40,-106526.91455838433,-2130.5382911676866,-1160.1447708956548,4077.430137445804,16625436.525751308,-10575.005995504865,-12400.792095879753,-13376.399181360612,-8314848.801166821,-0.5225198763311693,-24.727696044193205,86.16,86.0,7101.187563420483,0.40887999999999997,0.96,22.98,11965390.8,12.419053489776038,15065.285921760136,138874.0807799443,0.0,50
10002.0,1.0,3,10,0.0,75,-107681.50432596484,-2153.6300865192966,-1097.284149666666,4528.261698748152,20505154.0123495,-8718.020424113161,-11902.083705850566,-17773.765994675574,-10254730.63626127,-0.4755975316343127,-24.66365192990491,87.32,83.5,7600.818039786238,0.40742999999999996,0.92,30.5,10323747.04,11.75518372456197,18077.929869035463,118228.8941823179,0.0,50
10002.0,1.0,3,10,1.0,40,-90401.33468391522,-1808.0266936783044,-1940.4984692430007,3994.456686213815,15955684.218038252,-8071.415137390979,-9567.03584152759,-12269.496525766328,-7979650.135712804,-0.45263394641828186,-20.374427469892996,88.74,78.5,7058.672472838598,0.40913999999999995,0.94,24.44,12202541.0,12.863293233699634,12739.949026559014,137508.9136804147,0.0,50
10002.0,1.0,3,10,1.0,75,-137033.72191281596,-2740.6744382563193,-1600.1834295951994,4716.261990498669,22243127.163022462,-11057.397751054737,-13459.889889123267,-15380.525873651844,-11124304.255949488,-0.581111576027174,-32.47244595090425,84.4,72.0,7949.142924080225,0.40938,0.9,29.72,9825980.88,11.35794858424563,22474.516985074617,116421.57440758294,0.0,50
10002.0,1.0,3,40,0.0,40,-91697.31450608996,-1833.9462901217992,-1749.005622944038,4284.767783023448,18359234.954435676,-8232.364910431881,-11278.16086547717,-15176.945145989303,-9181451.42350796,-0.42801532848234985,-57.13228318136446,32.1,28.0,6426.33540414747,0.40803999999999996,0.98,19.66,12646512.0,8.358699352781374,16983.15392336616,393972.33644859813,0.0,50
10002.0,1.0,3,40,0.0,75,-122553.37864815746,-2451.0675729631494,-2113.2669224102283,4643.549997642756,21562556.58060804,-10428.344734056602,-11798.61211256058,-13909.272324569873,-10783729.357876983,-0.5278434762642541,-70.51402684013664,34.76,30.0,7959.2615593196715,0.41007000000000005,0.96,17.24,12979054.6,8.88399288610018,15443.644569713506,373390.5235903337,0.0,50
10002.0,1.0,3,40,1.0,40,-70767.41284243832,-1415.3482568487664,-985.185950802872,3528.355568602962,12449293.018491533,-7271.886410660174,-8414.169522602731,-9957.799322215258,-6226061.857502615,-0.4011353814345776,-48.20668449757379,29.36,28.5,6025.359469890644,0.41104999999999997,0.94,18.22,11558346.4,7.5292331669754775,12797.66406140721,393676.6485013624,0.0,50
10002.0,1.0,3,40,1.0,75,-145801.9388354693,-2916.038776709386,-2488.8930477125105,5339.770170115721,28513145.46965768,-11077.939588061743,-14850.12435253399,-19925.214291170938,-14259488.773605548,-0.5460981809720182,-96.7497935205503,30.14,26.0,8324.51518235847,0.40762,0.92,15.28,11333868.2,8.417088476011218,20701.442065644078,376040.74983410747,0.0,50
9998.0,0.0,1,20,0.5,40,-92402.3537166281,-1848.047074332562,-1063.1701933364966,3012.1193076975774,9072862.723804533,-7806.191642565216,-10379.375949585266,-12650.820698921452,-4538279.4089766,-0.6135371429707976,-27.748454569557992,66.6,63.5,5881.063208600735,0.40735999999999994,0.94,25.96,15652881.2,7.715575194907867,13603.785805311287,235028.24624624624,0.0,50
9998.0,0.0,1,20,0.5,60,-177754.84194744096,-3555.0968389488194,-2677.337704763515,4061.9719961016444,16499616.497113978,-11646.916948857664,-13450.53735224468,-15315.189216981875,-8253363.3453959385,-0.8752145121531713,-60.255878626251175,59.0,48.0,7321.022589736745,0.40604999999999997,0.96,27.3,13501321.2,8.288922739036023,15465.13795554865,228835.95254237286,0.0,50
9998.0,0.0,1,20,1.0,40,-142323.75693909137,-2846.4751387818274,-1977.6804726714618,3485.6348144245367,12149650.059528375,-8532.720125713055,-11196.837946860896,-14586.89962002472,-6077671.504902969,-0.8166303386119212,-44.71371565789864,63.66,53.5,6406.820211787389,0.40325000000000005,0.96,25.58,14631128.8,7.683464524904457,15605.621587299276,229832.3719761232,0.0,50
9998.0,0.0,1,20,1.0,60,-157315.1437220579,-3146.302874441158,-3123.390584144683,4192.056464718502,17573337.403388187,-11760.650981831044,-14441.479479603548,-16741.771432936774,-8789815.004568534,-0.7505392403276425,-44.729924288330366,70.34,60.0,7255.892000984867,0.40702999999999995,0.94,33.78,15882816.4,8.843520083972699,21266.820675560564,225800.6312197896,0.0,50
9998.0,0.0,1,20,2.0,40,-120919.05218144064,-2418.3810436288127,-2250.4222230177256,3384.1361841817634,11452377.713088306,-7628.671124864224,-10276.247118565137,-13963.661036476493,-5728607.237587782,-0.7146228496749544,-32.44407088313405,74.54,60.0,5854.89747738124,0.4039999999999999,0.9594285714285715,32.76,16096766.8,7.911959724967959,14162.348855937249,215948.03863697342,0.0,50
9998.0,0.0,1,20,2.0,60,-166953.9162253001,-3339.0783245060024,-2108.747267812374,3926.491114540597,15417332.472566262,-10806.43730713653,-12448.63573767858,-14051.012795740506,-7712005.314607637,-0.8503975246855555,-43.084881606529066,77.5,74.0,7218.0961388545875,0.40939,0.9491884505169734,38.96,16538729.2,9.392995849069376,15403.210235100996,213402.95741935482,0.0,50
9998.0,0.0,1,40,0.5,40,-97456.12751408195,-1949.122550281639,-871.7863442701637,3489.4157344951564,12176022.16814237,-9122.511226556118,-11074.459065926145,-11976.217859655968,-6089960.206621467,-0.5585813495975069,-38.67306647384204,50.4,52.0,6102.732162083145,0.40908,0.96,32.7,19964031.2,6.129483442790119,12626.52097959217,396111.7301587302,0.0,50
9998.0,0.0,1,40,0.5,60,-164054.63247139775,-3281.092649427955,-2600.8238639750634,4166.011751953243,17355653.917412534,-11358.880779928313,-12065.93160463497,-12657.092906909646,-8681108.051355695,-0.7875860282652396,-65.51702574736332,50.08,53.0,7946.4106167989175,0.40494,0.94,26.62,19194171.3,7.163961889398413,16571.810025649946,383270.19369009585,0.0,50
9998.0,0.0,1,40,1.0,40,-166935.4065354094,-3338.708130708188,-2647.1399002639228,2992.207904607418,8953308.144395117,-9404.839164855366,-10380.104875502331,-11046.441577326274,-4479992.780328266,-1.1158008524628624,-74.49147993547943,44.82,40.0,6326.451205794952,0.40308000000000005,0.98,30.68,17740490.4,5.655837924424532,13236.233985646599,395816.38554216863,0.0,50
9998.0,0.0,1,40,1.0,60,-152851.56856324605,-3057.031371264921,-2123.3309323665453,3813.33536402601,14541526.598531382,-10075.848504890391,-10822.1461926344,-11622.175539807067,-7273820.330636956,-0.8016686389829069,-51.22371600644975,59.68,43.5,7859.627075256507,0.40635000000000004,0.96,34.2,23021404.8,7.936613370170691,14268.331699577626,385747.399463807,0.0,50
9998.0,0.0,1,40,2.0,40,-183654.7132073624,-3673.094264147248,-2847.968755878741,3445.692475157398,11872796.633356314,-9440.757276622398,-11066.714632929614,-13224.447900270228,-5940071.410942304,-1.0659959618068924,-71.0188372804959,51.72,48.0,6780.891254433531,0.40543,0.733030196613001,35.44,20495957.6,6.557869380147277,13364.960514603183,396286.8832173241,0.0,50
9998.0,0.0,1,40,2.0,60,-210240.25911877688,-4204.805182375538,-4054.4375408025226,3972.09968487903,15777575.90661609,-9386.504132934288,-13119.782822453495,-18263.624525030842,-7892992.758490421,-1.0585850094299776,-69.06710220721973,60.88,55.0,7884.593841845297,0.40624000000000005,0.98,34.66,23558293.4,8.646711660572807,19505.019747978542,386962.76938239153,0.0,50
9998.0,0.0,1,60,0.5,40,-106150.83580130717,-2123.0167160261435,-1848.7743347779906,2687.158497285746,7220820.789534987,-6737.432332528251,-7022.885364569879,-7124.985899565625,-3612533.4114835197,-0.7900601018398347,-56.045847835959435,37.88,32.0,5223.815587118444,0.40762,0.98,33.36,16551722.0,9.218459503156783,11227.280150228878,436951.4783526927,0.0,50
9998.0,0.0,1,60,0.5,60,-134789.39888451283,-2695.787977690257,-1436.2580537474132,4542.483926783733,20634160.225088567,-12186.711591198964,-13670.254343049251,-14901.61742652976,-10319775.900521973,-0.5934612034166057,-53.129443785775656,50.74,45.5,7850.559160355645,0.40928,0.94,33.08,25299974.7,6.513309918185062,22811.40925084974,498619.9191959006,0.0,50
9998.0,0.0,1,60,1.0,40,-122377.01727052423,-2447.5403454104844,-1678.9740644558333,2353.2833682127534,5537942.611106761,-8082.874732557352,-9109.551916125638,-9318.138395138143,-2771418.8458987908,-1.0400533902843483,-55.77803886532553,43.88,41.0,4559.695170760337,0.40418,0.08223673477744686,42.86,17948452.8,2.409022184046113,9745.4082613528,409034.9316317229,0.0,50
9998.0,0.0,1,60,1.0,60,-236923.60444933968,-4738.472088986793,-3108.670822131273,4958.890883320459,24590598.79267876,-14596.605536596657,-15866.45269118649,-16580.559875337756,-12300037.868428366,-0.9555507875609818,-86.84882861046175,54.56,49.0,8337.993342814856,0.40352999999999994,0.96,37.6,27798502.8,6.259966056439222,17096.149779474596,509503.35043988266,0.0,50
9998.0,0.0,1,60,2.0,40,-148651.11823518464,-2973.022364703693,-2264.7388544913556,2375.5069534621994,5643033.28594726,-7342.465368332085,-8507.855284633813,-9196.636887291097,-2824489.6653383337,-1.2515317458319324,-60.182638961613215,49.4,42.0,4887.925087591247,0.4035599999999999,0.0,46.4,20579943.2,2.589131688282147,11481.10972755868,416598.04048582993,0.0,50
9998.0,0.0,1,60,2.0,60,-238061.64935351003,-4761.232987070201,-4314.691958517651,3607.1791956962174,13011741.74986361,-11466.590403376962,-12218.809173067062,-13472.668651192216,-6510632.107918875,-1.319932481521734,-95.56870708691692,49.82,39.5,8101.460943545285,0.4058299999999999,0.5967525016446864,32.26,26754726.0,7.452513804918564,16623.64614381059,537027.8201525492,0.0,50
9998.0,0.0,2,20,0.5,40,-120141.23081095697,-2402.8246162191394,-2368.3943535173894,3822.8886914743234,14614477.947402265,-8491.213222280896,-10481.117644126178,-14031.012795740506,-7309641.798317351,-0.6285363791985911,-45.750659105467236,52.52,49.0,6205.54150985597,0.40478000000000003,0.9,19.98,12401572.8,7.9106166286871265,14295.721316489711,236130.4798172125,0.0,50
9998.0,0.0,2,20,0.5,60,-206808.42819530767,-4136.168563906153,-4490.521878588566,4550.123930740822,20703627.78510031,-11274.932424931134,-12609.836928876388,-13785.587502931943,-10355950.061114062,-0.9090232764784979,-79.35856799512958,52.12,42.5,8485.451535212798,0.4066199999999999,1.0,23.5,12017644.8,9.128880089689876,15401.727407107275,230576.45433614738,0.0,50
9998.0,0.0,2,20,1.0,40,-137776.26608209865,-2755.525321641973,-2616.091068015143,3952.8496904460308,15625020.675259283,-10458.360519353888,-11095.300332745732,-11805.293941223761,-7815265.862951283,-0.6970984321264055,-49.399880273251576,55.78,44.5,6784.2739559504835,0.40542,0.98,21.64,13061433.2,8.356329363812627,18155.205676817743,234159.79204015774,0.0,50
9998.0,0.0,2,20,1.0,60,-157262.59747479734,-3145.251949495947,-2919.7853010692634,4359.669831954185,19006721.04365143,-9079.519284869277,-12866.831806359309,-15391.742191491765,-9506505.773775212,-0.7214426942247122,-63.69485519432861,49.38,37.0,7666.644367578199,0.40717,0.92,22.78,11269796.8,8.18862957833296,16845.90880175226,228225.93762656947,0.0,50
9998.0,0.0,2,20,2.0,40,-129883.75449032465,-2597.675089806493,-1957.5752716771676,4292.584984289105,18426285.847344294,-11522.042901488097,-13035.427131644063,-13991.012795740506,-9215740.598761953,-0.6051540270753868,-45.63729953981892,56.92,56.5,6472.344320751491,0.40297000000000005,0.94,22.46,13181459.6,9.025002600263575,14255.721316489711,231578.69992972593,0.0,50
9998.0,0.0,2,20,2.0,60,-154683.07913390407,-3093.6615826780817,-2691.651129638951,4894.281990734871,23953996.20483169,-10893.986380978953,-15321.991340488274,-16844.716223362135,-11980091.763998523,-0.6320971265108775,-54.71633503144821,56.54,49.0,7678.44681933474,0.4059999999999999,0.9,27.04,12698514.2,9.702007838170037,18137.29217316798,224593.45949770074,0.0,50
9998.0,0.0,2,40,0.5,40,-131397.87676496353,-2627.9575352992706,-2261.699410525209,3960.373921293394,15684561.596460812,-10140.465124558797,-10999.834064821984,-11736.217859655968,-7844908.755765705,-0.6635629835781665,-73.69482712561052,35.66,30.5,6726.729899045881,0.40664,0.94,22.5,14073157.6,6.741355960635378,13097.484900435345,394648.27818283794,0.0,50
9998.0,0.0,2,40,0.5,60,-50150.77061781124,-1003.0154123562248,-305.15026418986963,3346.1599189268168,11196786.203032322,-6845.160671572079,-8810.650268808395,-10417.392815019819,-5599396.116928517,-0.2997511884242559,-19.025330279898043,52.72,52.0,6708.6389338904455,0.41040999999999994,0.92,27.46,20194026.6,9.00407424046744,14281.833704579913,383042.993171472,0.0,50
9998.0,0.0,2,40,1.0,40,-84870.392906413,-1697.4078581282602,-982.0969153424958,3646.9242254209807,13300056.305962421,-8642.728923288425,-9438.473661416114,-9941.67432552774,-6651725.560839339,-0.46543546101012157,-43.74762520949125,38.8,35.5,5878.230919242455,0.40887999999999997,0.98,25.1,15326932.4,6.8081719457001615,11365.857460947736,395024.0309278351,0.0,50
9998.0,0.0,2,40,1.0,60,-129676.33196478756,-2593.526639295751,-1000.7433600137592,5946.368154745202,35359294.23176786,-14229.477456586086,-17713.993267916143,-20842.214291170938,-17682240.64252323,-0.4361530554117609,-61.11042976662939,42.44,34.0,7774.270014698259,0.40719,0.94,22.92,16354798.7,8.423853537252027,21022.921556741814,385362.8345900094,0.0,50
9998.0,0.0,2,40,2.0,40,-137369.22006380212,-2747.3844012760424,-2442.965964778792,3515.226787392413,12356819.366801186,-8924.127750371019,-10188.111923701517,-12150.820698921452,-6181157.067801869,-0.781566757265543,-68.65028488945633,40.02,37.0,6875.666049822387,0.40381,1.0,28.24,15804917.6,7.046048909606802,13606.853697767365,394925.4772613693,0.0,50
9998.0,0.0,2,40,2.0,60,-130021.02514655422,-2600.4205029310847,-1347.494164453179,4421.181861807107,19546849.05517216,-9889.772360028664,-12422.283033604035,-16614.009490884026,-9776024.948089011,-0.5881731591714267,-58.515312847234135,44.44,36.0,8413.560082384813,0.4076199999999999,0.94,25.5,17151668.9,8.872821347160942,18049.188001877395,385951.14536453644,0.0,50
9998.0,0.0,2,60,0.5,40,-71242.2751241047,-1424.845502482094,-1503.207383213914,3090.4630518587264,9550961.874903953,-7100.143324572744,-7942.597886845586,-8735.791489764,-4776905.782954458,-0.4610459593181917,-49.40518385860243,28.84,21.0,5207.257983605485,0.40703,0.96,24.12,12963410.2,9.166820519731392,12007.186356536084,449494.11234396667,0.0,50
9998.0,0.0,2,60,0.5,60,-184575.6901323105,-3691.51380264621,-3199.5569404274574,5064.125088252472,25645362.909468107,-12579.741890087922,-15029.409069376843,-18103.624525030842,-12826372.9685367,-0.7289539137192498,-128.0886121667665,28.82,24.0,8812.430109088378,0.4058900000000001,0.94,18.06,14220183.0,6.625174012853347,19504.439969837433,493413.705759889,0.0,50
9998.0,0.0,2,60,1.0,40,-67119.37947695766,-1342.3875895391532,-643.9740069279796,3944.4992537466887,15559074.362808185,-9431.56296970488,-11557.260826088683,-13182.668651192216,-7780879.568993632,-0.34031888541080185,-41.15228661983916,32.62,24.0,5576.261516882906,0.41093,0.92,28.36,14354182.0,9.479212589213999,16609.076779804367,440042.36664622935,0.0,50
9998.0,0.0,2,60,1.0,60,-121610.90958821896,-2432.2181917643793,-2270.861898511939,3939.450390080785,15519269.375907648,-9367.292084932986,-10934.686535044495,-11813.526367188198,-7762066.9061455885,-0.6174003860761615,-64.54931506805677,37.68,34.0,7844.308398864092,0.40816,0.94,24.3,18746256.6,7.218822344303086,16566.284110510314,497512.117834395,0.0,50
9998.0,0.0,2,60,2.0,40,-118099.45134071604,-2361.989026814321,-1955.2679911947343,3525.8161057485986,12431379.211556213,-9202.479428587563,-11406.559643592956,-15171.61742652976,-6218051.594804921,-0.6699127112621079,-66.12511273276374,35.72,28.0,5538.257351878208,0.40598999999999996,0.8525871077912419,32.58,15261988.4,8.769705183236464,22731.312413498526,427267.3124300112,0.0,50
9998.0,0.0,2,60,2.0,60,-162481.6246784549,-3249.6324935690977,-3565.0439356724964,4428.280498970621,19609668.177563496,-10350.202968056663,-12249.090861438153,-13454.4496769635,-9808083.721275317,-0.7338361908925506,-83.79660891101335,38.78,32.5,7890.953086409405,0.40567,0.94,27.34,19988020.2,7.135745847686145,15397.315599422087,515420.84063950484,0.0,50
9998.0,0.5,1,20,0.5,40,-134488.8023795861,-2689.776047591722,-1857.8960066632135,3121.903684321461,9746282.614179911,-7655.067395955708,-9445.636822079037,-10902.425593513995,-4875831.083137548,-0.8615820087913691,-40.074136585097165,67.12,64.0,6182.887584840143,0.40612000000000004,0.96,26.14,15748862.0,7.602304381159737,11505.376373456558,234637.39570917757,0.0,50
9998.0,0.5,1,20,0.5,60,-155824.2589012941,-3116.485178025882,-2955.4376020783675,3361.0353319321534,11296558.50249628,-8620.472456924286,-9322.476047463677,-9710.467347960337,-5651395.736426165,-0.9272396360776681,-43.092991952791515,72.32,69.5,7323.987869199161,0.4073,0.98,33.92,16550696.8,9.123705601873539,12924.512737847224,228853.66150442482,0.0,50
9998.0,0.5,1,20,1.0,40,-166178.85780870152,-3323.5771561740303,-2958.3839074025163,3477.2918870701765,12091558.867884068,-10505.53203261699,-11674.589369058338,-13627.207592707244,-6049103.011098208,-0.9557947000455531,-57.36239482523352,57.94,51.0,6987.778352049578,0.40271,0.94,23.12,13335407.6,7.140849186275768,14439.350401501986,230158.91612012428,0.0,50
9998.0,0.5,1,20,1.0,60,-151156.7052814404,-3023.134105628808,-2402.406129802228,3827.6934654297297,14651237.265293453,-8771.44052972245,-12843.54443962094,-17024.716223362135,-7328641.766752355,-0.7898056970684342,-38.98805913888068,77.54,64.5,7053.471872685144,0.40968000000000004,0.96,37.72,17424559.8,9.247539158477325,18204.087523278053,224717.04668558162,0.0,50
9998.0,0.5,1,20,2.0,40,-136267.42865358148,-2725.3485730716293,-1940.3356873887242,3657.5854871186143,13377931.595580712,-8353.370891673345,-11972.002542264798,-15896.945145989303,-6691691.146363428,-0.7451223170775071,-33.147027159713325,82.22,77.0,6377.0082341618345,0.4054200000000001,0.96,36.24,17772524.0,8.29508821164211,16724.169021584443,216158.16103137922,0.0,50
9998.0,0.5,1,20,2.0,60,-170046.52705814305,-3400.930541162861,-2519.336798962613,3471.1349674918324,12048777.962544525,-9553.784593038803,-11517.91642586425,-14566.89962002472,-6027789.911813426,-0.9797747921105242,-48.34987974357209,70.34,64.0,7383.337701066547,0.40523000000000003,0.94,35.26,14941034.8,8.627965540873433,15594.01293015707,212411.64060278647,0.0,50
9998.0,0.5,1,40,0.5,40,-121368.86779188886,-2427.377355837777,-1792.687895480718,3248.5124630209275,10552833.222402293,-8718.030341747199,-9608.246898766878,-10465.945549645345,-5278843.988556985,-0.7472273489693526,-67.46462912278425,35.98,31.0,5886.79596159837,0.40667000000000003,0.9,23.22,14209158.4,5.187557382260482,11786.781476986362,394918.2434685937,0.0,50
9998.0,0.5,1,40,0.5,60,-186412.96521921857,-3728.2593043843717,-2723.3063887874305,4005.6958647125243,16045599.360575018,-10524.282978813135,-11279.776783680272,-12256.490741112735,-8026527.939591894,-0.930739484549211,-67.51646693923165,55.22,48.0,8101.670882273481,0.40661,0.96,29.82,21200791.6,8.07024139019361,15501.382930122141,383933.2053603767,0.0,50
9998.0,0.5,1,40,1.0,40,-161442.09009504324,-3228.841801900865,-2330.482902072952,3674.4142920054865,13501320.389294181,-10496.630942866212,-11565.740177048254,-12385.293941223761,-6753889.036448991,-0.8787364584676955,-64.65442134362966,49.94,41.0,6670.847472642814,0.40432,0.94,34.2,19790085.2,5.17489683005668,18221.47547890921,396277.23668402084,0.0,50
9998.0,0.5,1,40,1.0,60,-196503.35639589233,-3930.067127917847,-3790.7712811490055,3976.2360036433583,15810452.756669706,-10851.120145060366,-12491.315390612503,-13593.031991892494,-7909156.445462771,-0.9883887989334144,-69.63265641243528,56.44,47.0,7650.396774020823,0.40469,0.98,32.28,21762668.6,7.636083272290813,14281.833704579913,385589.4507441531,0.0,50
9998.0,0.5,1,40,2.0,40,-157994.51984471112,-3159.8903968942222,-2386.6188248088292,3700.927310378972,13696862.95670893,-11781.101481385529,-12996.899865017971,-13983.661036476493,-6851591.368751359,-0.8538104458392614,-59.66560417096341,52.96,45.5,6506.0691700169045,0.40613999999999995,0.7457643524427695,36.5,20987792.8,6.7371337610179385,14202.348855937249,396295.1812688822,0.0,50
9998.0,0.5,1,40,2.0,60,-147986.09471005097,-2959.7218942010195,-2114.240222125023,3287.897652298956,10810270.971992988,-8405.590592034621,-10352.699062770698,-13247.249152769102,-5408095.207890695,-0.9001867476411954,-46.860701301472766,63.16,59.0,7385.241042373665,0.40835,0.96,35.92,24464048.0,8.876607166606199,16394.61760099372,387334.51551614946,0.0,50
9998.0,0.5,1,60,0.5,40,-138300.2266018134,-2766.004532036268,-2108.3957438438956,3509.9465196165365,12319724.57056824,-9602.577844596333,-10089.446997440149,-10902.425593513995,-6162628.289816156,-0.7880474863581873,-77.43573717906685,35.72,33.0,6122.958217296204,0.4075,0.94,31.22,15644879.0,9.392341986351347,13382.71974390326,437986.5341545353,0.0,50
9998.0,0.5,1,60,0.5,60,-174741.18047569122,-3494.8236095138245,-3508.9118478135206,4138.543705971072,17127544.006232772,-10056.36296395468,-12179.584416118256,-13227.249152769102,-8567266.8267259,-0.8444573400229323,-81.96115406927356,42.64,38.5,7898.708780171554,0.4071000000000001,0.96,27.58,21214768.5,5.967945089987779,16432.039695765532,497532.0942776735,0.0,50
9998.0,0.5,1,60,1.0,40,-103178.65106118121,-2063.5730212236244,-1776.4358173983928,1770.930332317177,3136194.241921027,-5444.394815887403,-5943.571645553845,-6587.113508362148,-1570160.6939817371,-1.1652479962452127,-46.60282342420109,44.28,36.0,4336.861450958848,0.40434,0.10521496084106968,43.26,18108418.4,2.0745077642222656,8614.754193007131,408952.53839205054,0.0,50
9998.0,0.5,1,60,1.0,60,-218536.74753708486,-4370.7349507416975,-3774.6662132797064,3912.878393204841,15310617.320009299,-11202.678466928372,-12671.40783131631,-14506.87585372536,-7659679.394955391,-1.1170127235057599,-82.15667200642288,53.2,41.0,8282.021674895786,0.40492999999999996,0.98,36.52,27063627.0,6.095836114701965,16627.112033985788,508714.7932330827,0.0,50
9998.0,0.5,1,60,2.0,40,-120538.42891369713,-2410.7685782739427,-1706.3684168220498,2211.8714163814047,4892375.162605081,-7487.350967949341,-8593.095918138473,-9196.636887291097,-2448598.3498808146,-1.089922569828603,-49.07916486714053,49.12,46.0,4460.072596373968,0.40234999999999993,0.0,45.94,20527982.4,3.105913601723909,10660.608671251568,417914.95114006515,0.0,50
9998.0,0.5,1,60,2.0,60,-248337.8776698265,-4966.75755339653,-4529.915621087828,4353.449564958926,18952523.114641067,-12706.855792705854,-14775.199062503409,-17579.576295595616,-9481228.31487393,-1.1408786249352698,-93.6417336613222,53.04,45.0,8260.51760462929,0.40427,0.6749617382864486,34.88,28458375.6,7.960593412447345,17758.544835780514,536545.5429864253,0.0,50
9998.0,0.5,2,20,0.5,40,-97461.6963330051,-1949.2339266601018,-968.4944817904616,3336.497446113668,11132215.20792303,-8874.089120402723,-10060.171918758346,-10559.55974157073,-5568056.837888176,-0.584215620764216,-37.313053726265345,52.24,49.0,6169.620057505169,0.40622,0.98,19.72,12385456.0,8.062128311711595,13236.21450994056,237087.595712098,0.0,50
9998.0,0.5,2,20,0.5,60,-122510.35429640941,-2450.207085928188,-1670.8356421294739,3932.1852686685615,15462080.987134049,-9016.789986953541,-10150.953290784577,-11636.936474586255,-7733490.700652952,-0.6231158804877994,-49.28011033644787,49.72,42.5,7444.451199426679,0.40839,0.98,22.46,11409733.2,8.73832183546915,13626.081656471826,229479.75060337893,0.0,50
9998.0,0.5,2,20,1.0,40,-104392.31850407232,-2087.8463700814464,-1554.6012679015985,3909.3745163782833,15283209.109307935,-9362.3581276417,-11808.608148592602,-13783.661036476493,-7643692.401024049,-0.5340614876712123,-37.632414745519945,55.48,49.5,6506.316625649539,0.40539000000000003,1.0,21.7,12909436.0,8.718299902073111,14127.052342078416,232686.30136986304,0.0,50
9998.0,0.5,2,20,1.0,60,-175034.6613073665,-3500.6932261473303,-3754.7740610815235,4508.196525020356,20323835.908205613,-11451.661424693302,-13783.337656953256,-16681.771432936774,-10165418.647328954,-0.7765174403373524,-61.07280575972314,57.32,48.0,8103.195328215932,0.40697999999999995,0.92,26.86,13027416.8,9.271157134180504,16818.337245393428,227275.24075366365,0.0,50
9998.0,0.5,2,20,2.0,40,-97102.95595956355,-1942.059119191271,-1139.1573549734312,4009.913824890751,16079408.883049974,-8691.35771047747,-10826.049562723609,-11765.293941223761,-8041646.500644178,-0.4843144276906493,-31.899788422984084,60.88,54.5,6290.655690097499,0.40351,0.94,24.18,14117235.2,9.275243390839107,18135.205676817743,231886.25492772667,0.0,50
9998.0,0.5,2,20,2.0,60,-107863.54952075053,-2157.2709904150106,-1298.2997109886492,4660.641326077096,21721577.570337668,-11307.322099765996,-11817.692270301477,-12037.520289869164,-10862946.056159249,-0.46286998708616395,-33.11745456578156,65.14,63.0,7206.267892493812,0.4092100000000001,0.96,30.94,14751078.0,10.28457069305579,15363.210235100996,226451.91894381333,0.0,50
9998.0,0.5,2,40,0.5,40,-81428.53453538555,-1628.570690707711,-744.9031034277868,3852.2139442614844,14839552.272362622,-8036.353105574305,-9308.197687266822,-10519.55974157073,-7421404.706872018,-0.42276226457601507,-39.45180936791935,41.28,35.0,6251.342239707713,0.40898999999999996,0.98,25.94,16324806.4,7.005024243086774,12278.411518458655,395465.27131782944,0.0,50
9998.0,0.5,2,40,0.5,60,-140536.4664490599,-2810.729328981198,-2627.1311460697325,4407.16660910543,19423117.52041386,-11685.99886795167,-15075.014458588403,-17209.576295595616,-9714369.489535911,-0.6377633473564285,-68.02345907505318,41.32,36.0,8200.318571760848,0.40787000000000007,0.98,21.42,15850881.2,8.243332864893604,21216.726910264406,383612.807357212,0.0,50
9998.0,0.5,2,40,1.0,40,-90387.09558893746,-1807.7419117787492,-1084.4091641564737,3518.2484703057276,12378072.298808591,-7981.987315896869,-10342.287425522887,-13347.207592707244,-6190843.891316075,-0.5138187160559319,-52.950846859365825,34.14,24.0,6497.059076408611,0.4083,0.96,22.02,13461296.8,6.262578495028663,14439.350401501986,394296.9185705917,0.0,50
9998.0,0.5,2,40,1.0,60,-181556.67192105972,-3631.1334384211946,-2645.541792480275,4902.65883611775,24036063.663363453,-12448.12116446413,-13705.629348904826,-15110.189216981875,-12021662.965120148,-0.7406457515807536,-96.06173117516389,37.8,36.0,8499.26829727196,0.40653999999999996,0.94,20.04,14543122.3,7.7629843857253205,16301.305414879826,384738.6851851852,0.0,50
9998.0,0.5,2,40,2.0,40,-111955.90436400817,-2239.1180872801633,-1998.2272740739572,3252.838329838033,10580957.200063486,-7498.239516446478,-9407.193256303784,-10437.799322215258,-5292717.718119023,-0.6883582460094062,-56.062045249878906,39.94,36.5,6416.419484342029,0.40771999999999997,0.94,28.12,15784797.6,6.891618746648499,13170.996078721364,395212.75913870806,0.0,50
9998.0,0.5,2,40,2.0,60,-131843.63744674932,-2636.8727489349862,-2775.6776789348805,4090.4503069186344,16731783.713370752,-9215.815319426596,-11822.053757156944,-13324.4496769635,-8368528.72943431,-0.6446411888867847,-61.753460162411855,42.7,38.0,8015.010204944295,0.40769999999999995,0.92,24.14,16447789.3,8.404721969521177,15347.664998747758,385194.1288056206,0.0,50
9998.0,0.5,2,60,0.5,40,-48865.43644507375,-977.308728901475,-443.94406912790146,3388.4795068572125,11481793.3683913,-5845.1801691756,-10123.344119716707,-14740.272324569873,-5741873.9929245515,-0.2884210239204405,-29.615416027317423,33.0,26.0,5052.93251573446,0.4104099999999999,1.0,27.54,14836981.8,9.67584051852274,15852.945686070598,449605.5090909091,0.0,50
9998.0,0.5,2,60,0.5,60,-118461.87035961123,-2369.2374071922245,-1985.9390950741363,4479.62034158396,20066998.404732797,-10604.2668818567,-12924.267366126101,-17189.576295595616,-10035868.439773591,-0.5288924566214357,-64.17219412763338,36.92,35.5,7527.770577139099,0.40856999999999993,0.94,23.28,18215361.0,7.406714611595211,17658.81542759796,493373.8082340195,0.0,50
9998.0,0.5,2,60,1.0,40,-73829.02272774931,-1476.5804545549863,-741.5114797437273,2982.6936836314735,8896461.61037509,-6176.601473338005,-8223.700556309816,-10947.424868787872,-4449707.3856421,-0.4950493115192214,-43.02390601850193,34.32,33.0,5419.610014383686,0.40880000000000005,0.96,29.98,15063007.8,8.27449280126904,14194.423592656647,438898.82867132867,0.0,50
9998.0,0.5,2,60,1.0,60,-135898.1067780435,-2717.96213556087,-1883.8356624927255,5110.755610097851,26119822.906146657,-11713.992615881603,-16197.427943426766,-19511.18143248663,-13062629.41520889,-0.5318121903912169,-75.28980984933158,36.1,30.0,8143.943992274554,0.4062700000000001,0.96,23.16,17927539.2,7.046337177843626,20905.211276980466,496607.73407202214,0.0,50
9998.0,0.5,2,60,2.0,40,-68140.6402053801,-1362.812804107602,-1016.528676723945,2957.0037962568276,8743871.45107729,-6436.4651718748555,-8799.304656683622,-10557.963430659496,-4373298.5383427525,-0.4608762443363381,-33.867117398300245,40.24,33.0,4739.555913641123,0.40651999999999994,0.8873444475495682,37.02,17111617.2,8.65289849597932,11980.104315365315,425238.9960238568,0.0,50
9998.0,0.5,2,60,2.0,60,-165429.31323493784,-3308.586264698757,-1482.2184485872858,5737.787043165743,32922200.152720675,-16791.002364807762,-17460.736770503496,-18178.624525030842,-16464408.662625035,-0.5766310669614386,-84.57531351479442,39.12,35.0,7896.344410066382,0.40543,0.94,27.48,20134974.6,7.153456629178705,19500.52778742113,514697.71472392645,0.0,50
10000.0,0.0,1,20,0.5,40,-163986.54860944534,-3279.730972188907,-2488.486450180644,3624.6052201361917,13137763.00183853,-10520.904152884992,-13474.970929294863,-16561.771432936774,-6572161.231891453,-0.904851914345797,-54.57123081845103,60.1,55.0,6749.0318333133855,0.40563000000000005,0.92,23.32,14086029.6,7.1652889947111165,18129.46941925818,234376.53244592345,0.0,50
10000.0,0.0,1,20,0.5,60,-200427.1425370208,-4008.542850740416,-3514.5319115556777,4710.459993678692,22188433.35204746,-13749.11858629859,-17605.90692367028,-19345.400005092844,-11098225.21887447,-0.8509875587774696,-55.412535951623106,72.34,62.5,7580.711482666203,0.40757999999999994,0.98,33.72,16577007.6,9.022147467305961,19503.68291132117,229154.10008294164,0.0,50
10000.0,0.0,1,20,1.0,40,-135475.26213620102,-2709.5052427240207,-1918.2033640913432,3323.674523567713,11046812.338613065,-9119.298987990303,-10739.77203939991,-12590.820698921452,-5526115.674549256,-0.8152137712373704,-37.57982306135951,72.1,63.0,6142.070732620413,0.40471,0.98,29.16,16578032.0,8.066565333262838,13703.785805311287,229931.0957004161,0.0,50
10000.0,0.0,1,20,1.0,60,-185520.7769774336,-3710.415539548672,-3402.4321829485707,4218.891807825256,17799048.08613506,-11831.400350550213,-12923.039735785142,-14191.012795740506,-8903234.458607078,-0.8794763432107133,-53.52590218621858,69.32,56.5,7351.4348174922925,0.40542,0.92,33.34,15588966.0,8.625845597158825,14728.002308910596,224884.10271206003,0.0,50
10000.0,0.0,1,20,2.0,40,-147132.41309702478,-2942.6482619404956,-2817.8914905587444,3314.4828688850776,10985796.688132653,-7741.106036429665,-10380.583147512478,-13983.661036476493,-5495840.992328267,-0.8878151972254582,-39.26672353803704,74.94,60.0,6464.504795943014,0.40391999999999995,0.9581582125603865,32.9,16247085.6,8.14300041405991,14262.756621076027,216801.24899919936,0.0,50
10000.0,0.0,1,20,2.0,60,-194429.40038942057,-3888.5880077884112,-3343.8930602436303,4373.369299511651,19126359.02991103,-11487.727676509337,-14401.483899447601,-15871.742191491765,-9567068.102963304,-0.8891515308852921,-47.317936332299965,82.18,71.5,7447.282911525523,0.40753,0.9724881993476197,41.34,17523163.2,9.853134226890536,16923.898404374995,213229.04843027497,0.0,50
10000.0,0.0,1,40,0.5,40,-112709.06374919106,-2254.1812749838214,-1831.0015555943246,3058.0989933220276,9351969.452957198,-7434.162858260662,-8941.592427440142,-10305.945549645345,-4678238.907753583,-0.7371184778208754,-52.08367086376666,43.28,36.5,5710.145826976851,0.4084299999999999,0.94,28.2,17124009.6,5.7498681661275866,11706.781476986362,395656.41404805914,0.0,50
10000.0,0.0,1,40,0.5,60,-219031.97376121176,-4380.639475224235,-4760.321762737702,4516.203537832619,20396094.395131867,-10332.717166587321,-14112.922148822652,-18323.624525030842,-10202427.837041158,-0.9699827384940198,-92.65311918832984,47.28,45.5,8641.55371389938,0.40397000000000005,0.92,25.3,18156026.5,7.103962942755382,19697.65109923182,384010.7127749577,0.0,50
10000.0,0.0,1,40,1.0,40,-121560.3216609981,-2431.206433219962,-2065.784077626944,2619.1603020029506,6860000.687588188,-7071.56596402899,-7790.994474466774,-8111.734374642023,-3432431.550227314,-0.9282388830343133,-46.628431784042235,52.14,48.0,5837.395856165935,0.40584000000000003,0.92,36.0,20678023.2,5.546797786076661,10610.942983088782,396586.5592635213,0.0,50
10000.0,0.0,1,40,1.0,60,-154175.84631941974,-3083.516926388395,-2239.010383539775,4304.884110212698,18532027.20236177,-11419.203167796757,-13002.240014908215,-14251.87585372536,-9269097.118107274,-0.7162833766122746,-53.51469847949315,57.62,51.0,7776.4382945207335,0.40547,0.96,33.1,22271027.4,8.301445083482019,16382.217226183246,386515.5744533148,0.0,50
10000.0,0.0,1,40,2.0,40,-173420.66599734733,-3468.4133199469466,-2880.7404044578434,3576.476814165336,12791186.40226223,-9916.040050457645,-12721.221956197172,-14666.89962002472,-6399061.614451062,-0.9697849308595117,-57.34810383510163,60.48,51.0,6610.657260123895,0.4073400000000001,0.7542576541555137,42.04,24002041.6,7.628930839818245,15816.280626812397,396859.1534391535,0.0,50
10000.0,0.0,1,40,2.0,60,-162856.36379838124,-3257.127275967625,-1707.3558227882604,4520.926265271391,20438774.296020728,-13502.763080090965,-14781.248672281043,-15121.61742652976,-10222644.275286332,-0.720455739565436,-48.36838841650764,67.34,63.0,7673.944379042534,0.40838,0.9785556278464541,38.78,26110985.6,9.551233075098601,22661.836774072726,387748.5239085239,0.0,50
10000.0,0.0,1,60,0.5,40,-69153.73467349465,-1383.074693469893,-1110.725856180361,2400.53254596438,5762556.504234228,-6045.283685179666,-7234.21331856522,-8662.965266846819,-2882661.326810584,-0.5761532772361085,-33.05627852461503,41.84,39.0,4833.182607794226,0.41011000000000003,1.0,36.72,18294008.0,9.789310610231244,10823.140063554281,437237.2848948374,0.0,50
10000.0,0.0,1,60,0.5,60,-156028.8318134494,-3120.576636268988,-2476.146691613074,3932.659264852275,15465808.893428437,-9155.051594494365,-11323.107311138534,-14991.61742652976,-7736025.023350487,-0.7935029266730573,-66.31059575582209,47.06,39.5,8001.166318201624,0.40837999999999997,0.98,30.7,23478019.2,6.417378087266541,22661.836774072726,498895.4356141096,0.0,50
10000.0,0.0,1,60,1.0,40,-136985.1919650928,-2739.7038393018556,-2154.305617457896,2071.788509977037,4292307.630072871,-6035.408063528448,-7322.768040695926,-9475.774024317623,-2148893.5188757377,-1.322385864245815,-61.154103555845,44.8,43.0,4721.219049478877,0.40358,0.10082655897492594,43.72,18376002.4,2.2295262833451908,9655.411032880424,410178.625,0.0,50
10000.0,0.0,1,60,1.0,60,-179770.14732241136,-3595.4029464482273,-2604.847628193558,4345.152124579313,18880346.985736117,-12565.078224977548,-15351.147624964826,-17624.576295595616,-9443768.895814506,-0.8274515697872138,-74.81071465768262,48.06,41.5,7935.603031639489,0.4052200000000001,0.98,33.08,24489011.1,5.725103537053642,22683.247311504965,509550.7927590512,0.0,50
10000.0,0.0,1,60,2.0,40,-164730.1946563563,-3294.603893127126,-3000.3451791852713,2576.793657973895,6639865.555774485,-7871.333162006564,-8974.744997613889,-9477.740431845654,-3323227.3817803697,-1.2785672158617307,-68.69482679581164,47.96,41.0,5022.469602645056,0.40258000000000005,0.0008333333333333333,45.16,19935985.6,3.0431244538474447,12259.573102641152,415679.4328607173,0.0,50
10000.0,0.0,1,60,2.0,60,-203088.7533867265,-4061.77506773453,-3160.9371457246016,4205.799174206152,17688746.693753153,-13527.629477448343,-15141.596097305417,-17494.009490884026,-8848435.12194431,-0.9657558289145431,-69.9100700126425,58.1,50.5,7541.119186554552,0.40613999999999995,0.6476675709372022,38.02,31128017.4,8.078065773553503,18104.282855692087,535766.2203098106,0.0,50
10000.0,0.0,2,20,0.5,40,-87491.0544243778,-1749.821088487556,-1419.526873609051,3093.4169236736398,9569228.263670485,-7393.013859107584,-9177.20657107044,-11456.217859655968,-4786363.95292373,-0.5656596351742204,-33.253916542903006,52.62,46.5,6050.14627869551,0.4068899999999999,0.96,19.9,12464005.6,8.359245410483915,12474.371696603834,236868.21740782974,0.0,50
10000.0,0.0,2,20,0.5,60,-115842.69891546777,-2316.8539783093556,-1516.046232225839,4681.823794039336,21919474.03843288,-12095.387512285111,-12782.34906798706,-13121.750796810258,-10962053.87319475,-0.49486142158074453,-35.90908211886788,64.52,57.0,6998.403322264836,0.4085499999999999,1.0,29.5,14996015.2,9.795703905984885,15224.059925204725,232424.29014259146,0.0,50
10000.0,0.0,2,20,1.0,40,-102067.64308978221,-2041.3528617956442,-825.2717674479936,3934.958317859504,15483896.963291695,-9344.258397880185,-12213.748360226591,-16401.771432936774,-7743989.834507643,-0.5187736938737278,-37.83085362853306,53.96,47.5,6394.820448810701,0.40465,0.96,20.88,12644014.8,8.304765207399148,16619.456390697218,234321.99406968124,0.0,50
10000.0,0.0,2,20,1.0,60,-91327.44502199555,-1826.548900439911,-1815.5380544842337,4390.7897724851755,19279034.82616042,-9255.353964032041,-11155.133456341495,-12260.848506880691,-9641343.96198065,-0.4159955258813662,-27.70016530846089,65.94,62.0,6929.374141079469,0.40954999999999997,0.9,30.56,15165028.4,10.088874616907992,13238.567022782634,229982.23233242342,0.0,50
10000.0,0.0,2,20,2.0,40,-98871.8073043368,-1977.436146086736,-819.9403146415134,4683.350328961752,21933770.303786147,-10867.929517807648,-13833.883443023078,-16381.771432936774,-10968862.58803916,-0.42222682635076114,-31.883846276793548,62.02,57.0,6267.7467582188665,0.40256000000000003,0.94,24.64,14341984.4,9.29545272725431,16590.619028592366,231247.73298935828,0.0,50
10000.0,0.0,2,20,2.0,60,-122001.03387801308,-2440.020677560262,-2311.596363487595,4396.445930054911,19328736.81589639,-8271.68817664272,-13143.83034130927,-17886.436003654147,-9666808.428625755,-0.5549984501979833,-38.113412645427395,64.02,57.5,7388.483131403604,0.41143,0.92,30.3,14474002.8,10.664963085732943,19589.40176914702,226085.6419868791,0.0,50
10000.0,0.0,2,40,0.5,40,-59900.23624237836,-1198.0047248475673,-1062.2568067147513,3082.140389873254,9499589.382888054,-5933.014851011377,-8126.849202709233,-9941.67432552774,-4750992.696168874,-0.3886924582615926,-31.295839207094236,38.28,39.5,5583.9088598178305,0.40973,0.98,24.08,15119059.2,7.62871763507981,11028.606245254108,394959.7492163009,0.0,50
10000.0,0.0,2,40,0.5,60,-184693.33565114858,-3693.8667130229715,-2297.1681690927944,5483.712209256477,30071099.59394855,-13248.81084151115,-16781.422372032306,-19255.400005092844,-15039243.663687298,-0.6736069604066877,-103.87701667668648,35.56,34.0,8563.286343880261,0.40608999999999995,0.94,18.18,13640034.8,7.783541905336486,19516.366589887417,383578.031496063,0.0,50
10000.0,0.0,2,40,1.0,40,-99787.1125156678,-1995.742250313356,-1923.1512182499282,3951.767125411874,15616463.413486026,-8397.730057805882,-9142.508867728951,-10357.799322215258,-7810227.448993326,-0.5050252676781515,-45.48181974278386,43.88,37.5,6301.001030859109,0.40771999999999997,0.96,28.64,17366032.0,7.155530830310978,13017.484900435345,395761.8960802188,0.0,50
10000.0,0.0,2,40,1.0,60,-114623.67234163909,-2292.473446832782,-474.72988901339704,5792.392180415482,33551807.17173842,-13823.014174865053,-17010.07325057736,-19181.18143248663,-16778196.059316043,-0.39577317547375557,-50.45056000952425,45.44,35.0,7346.165559734083,0.40907,0.94,24.36,17489981.4,9.116324372814235,21041.94372072001,384902.7596830986,0.0,50
10000.0,0.0,2,40,2.0,40,-79508.21498035581,-1590.1642996071162,-1391.079250042676,4182.3703906301935,17492222.08442016,-7974.149112987699,-12804.838342852425,-15416.945145989303,-8747701.206509687,-0.3802064741011932,-32.3072795531718,49.22,38.0,6127.646955807697,0.40753999999999996,0.98,34.98,19500898.4,7.773458460836008,16842.344373554457,396198.66720845184,0.0,50
10000.0,0.0,2,40,2.0,60,-63573.08829620876,-1271.4617659241753,-347.1293972621206,3960.0258010605794,15681804.345065484,-8739.361463913625,-9460.290392948082,-10210.800209268695,-7842173.634298666,-0.3210741115836492,-22.639988709476057,56.16,50.0,7400.685228770203,0.41001000000000004,0.96,32.5,21680122.0,10.136461038548951,14695.303056483623,386042.05840455845,0.0,50
10000.0,0.0,2,60,0.5,40,-93573.80581089674,-1871.4761162179348,-906.0339189129882,3712.60655864886,13783447.459322529,-8359.060746025003,-9547.859183065128,-9937.963430659496,-6893595.205777482,-0.504086842129192,-67.27088843342685,27.82,25.0,6116.9571318414155,0.40885000000000005,0.98,22.92,12585018.6,11.096469178208524,12086.312946172082,452373.06254493166,0.0,50
10000.0,0.0,2,60,0.5,60,-133322.50987654773,-2666.4501975309545,-2270.969307132531,4411.185279421222,19458555.56938248,-10208.347999990801,-12508.731449036277,-14091.61742652976,-9731944.234888772,-0.6044747678066713,-80.65487590837732,33.06,30.5,8334.196924908696,0.41084,0.96,20.64,16266008.4,7.6109066731336155,22661.836774072726,492014.77313974587,0.0,50
10000.0,0.0,2,60,1.0,40,-89488.37206105169,-1789.7674412210338,-1324.076902329747,3088.6821847171254,9539957.638188956,-6538.601886199031,-7633.212318331663,-8678.99419206113,-4771768.586535699,-0.5794598907185294,-52.485848716159346,34.1,30.0,5301.620020945677,0.40607000000000004,0.96,29.36,15064955.2,11.186858059819729,10540.60867125215,441787.5425219941,0.0,50
10000.0,0.0,2,60,1.0,60,-130918.9240755217,-2618.378481510434,-1754.4085920112557,4272.438716567671,18253732.586826406,-9367.049758826959,-13881.62307937676,-17189.576295595616,-9129484.671894714,-0.6128533737315571,-70.04757842457019,37.38,33.0,7845.594932478669,0.40823,0.98,24.22,18629978.4,7.371479573622026,17923.62574046728,498394.2857142856,0.0,50
10000.0,0.0,2,60,2.0,40,-110632.67770143563,-2212.6535540287127,-1866.544579912501,2585.5761570615687,6685204.06396527,-6993.433932343733,-8092.4226905098185,-9673.418708769605,-3344814.685536664,-0.8557680840244415,-73.95232466673505,29.92,29.0,5352.790157436414,0.4061,0.8625213779267917,27.22,12825990.4,8.012376282515575,11508.133363978239,428676.1497326203,0.0,50
10000.0,0.0,2,60,2.0,60,-144604.37653799728,-2892.0875307599454,-2807.721882048296,4751.550838378534,22577235.369695745,-12156.328224977548,-13572.323718100824,-14425.272324569873,-11291509.772378633,-0.6086618094033192,-67.41462775664209,42.9,39.0,7808.12019373302,0.40489000000000014,1.0,30.54,22181979.6,7.774908407715321,16252.039695765532,517062.4615384616,0.0,50
10000.0,0.5,1,20,0.5,40,-209646.65397038023,-4192.933079407605,-4054.1324415286654,3919.697332011195,15364027.17457568,-11401.721706517612,-13231.479416034572,-14211.012795740506,-7686206.520367248,-1.0697083790536304,-74.82036187379738,56.04,52.5,7271.166240892581,0.40214999999999995,0.94,21.7,13132030.4,6.83063392159499,14478.584792471956,234333.1620271235,0.0,50
10000.0,0.5,1,20,0.5,60,-148856.08154869697,-2977.1216309739393,-1708.2317679882399,3982.3118206062572,15858807.436540324,-9145.304623942618,-13117.295766307545,-19345.400005092844,-7932380.839901136,-0.7475862677473514,-44.66129059366846,66.66,61.0,7337.84796598268,0.40745000000000003,0.92,31.24,15256020.4,8.561082134060518,19503.68291132117,228863.19231923195,0.0,50
10000.0,0.5,1,20,1.0,40,-186632.69661545474,-3732.6539323090947,-2763.8849280935246,3970.66040812824,15766144.076677121,-10157.548542589053,-13978.370876762589,-16541.771432936774,-7886804.692270869,-0.9400587178563878,-67.64505132854467,55.18,51.5,7053.183367459893,0.40186,0.96,21.9,12704018.4,6.87941636043763,16680.626703755668,230228.67705690468,0.0,50
10000.0,0.5,1,20,1.0,60,-186869.83723342186,-3737.3967446684373,-2378.0085373675684,4314.6565570764105,18616261.205522463,-12531.061972332158,-15105.981401404715,-15891.742191491765,-9311867.9995059,-0.866209556943279,-57.498411456437495,65.0,60.5,7589.568328568109,0.40789000000000003,0.96,31.0,14624001.6,8.421562269000555,16845.90880175226,224984.63999999998,0.0,50
10000.0,0.5,1,20,2.0,40,-140678.40798129048,-2813.5681596258096,-2276.924798828957,3274.9064903783546,10725012.520722272,-8529.912782704016,-10270.306927327378,-11325.485012594727,-5365319.828520762,-0.8591293119028552,-34.65839073202525,81.18,71.5,6337.84030927649,0.40499,0.98,35.86,17526066.0,8.366720618619471,12320.869408897706,215891.42645971914,0.0,50
10000.0,0.5,1,20,2.0,60,-117136.77886743116,-2342.7355773486233,-1581.1661802041344,3286.8156615173752,10803157.1927959,-9156.636951853685,-9784.054248509308,-10552.448639633832,-5403921.331975299,-0.7127675594275265,-28.944101523951364,80.94,71.5,6477.8462306477795,0.40937999999999997,0.96,40.66,17278029.6,9.311946296782217,14130.12796522089,213467.13120830248,0.0,50
10000.0,0.5,1,40,0.5,40,-149763.79866642394,-2995.275973328479,-2365.0516332169063,3823.586484337164,14619813.603205834,-9115.422282811336,-12661.304470913601,-15816.945145989303,-7312902.077576245,-0.783368176866788,-71.14669770376435,42.1,35.0,6679.957711060822,0.40746999999999994,0.9,27.26,16666014.4,5.302819001637216,18129.46941925818,395867.325415677,0.0,50
10000.0,0.5,1,40,0.5,60,-166318.76327916674,-3326.375265583335,-2162.1319609769853,4832.69890887857,23354978.743876122,-13759.911351161223,-15335.058720005947,-17094.009490884026,-11680815.747203644,-0.688305919384192,-62.36174101206102,53.34,47.0,7500.818589142282,0.40655,0.98,28.82,20480996.1,7.671482084964941,18106.242516168204,383970.6805399325,0.0,50
10000.0,0.5,1,40,1.0,40,-126107.7594341602,-2522.155188683204,-1685.8818388078362,3044.3375957441062,9267991.396861006,-8923.63741371479,-9234.381591580148,-9546.821093750536,-4636517.853619186,-0.8284742113385433,-48.11436834573071,52.42,45.5,6391.4450943615475,0.40518,1.0,36.04,20774005.6,5.820375753817957,13150.87595476769,396299.2293017932,0.0,50
10000.0,0.5,1,40,1.0,60,-206025.75658025086,-4120.515131605017,-2720.186627308023,4940.636173948633,24409885.80332979,-14491.364231111733,-16162.481812696167,-17509.576295595616,-12209063.4167965,-0.8340049715320371,-81.40093108662617,50.62,47.0,8467.50074706672,0.40326999999999996,0.92,29.16,19559041.8,7.186817669538768,17883.505764385744,386389.60489924933,0.0,50
10000.0,0.5,1,40,2.0,40,-134381.89500120695,-2687.637900024139,-2255.0817586386693,2776.9097986644897,7711228.029918858,-7625.15654324243,-9876.073455668637,-11138.181463499437,-3858301.652859453,-0.9678520711460443,-42.218628652594084,63.66,58.5,5600.927620439623,0.40741,0.7586031245782621,44.18,25273965.6,7.464005283233889,12303.380905340251,397014.8539114044,0.0,50
10000.0,0.5,1,40,2.0,60,-175361.90557714482,-3507.238111542896,-2061.520785248722,4467.303150037471,19956797.434334714,-11997.85025932166,-16863.755253906787,-19255.400005092844,-9981905.9552789,-0.7850906897851095,-55.5822204681917,63.1,55.0,7816.48432015228,0.40759999999999996,0.96,36.68,24460068.2,8.89065119983548,19516.366589887417,387639.74960380344,0.0,50
10000.0,0.5,1,60,0.5,40,-80445.09691801417,-1608.9019383602833,-984.4796478095232,2606.6118790211685,6794425.4878542675,-5850.784752709032,-7517.5959716385305,-9857.195409766282,-3398821.645865494,-0.6172387808513474,-40.42467181809757,39.8,34.0,4907.21245011799,0.4079899999999999,0.96,34.8,17454022.4,8.075886922280326,10555.984362785588,438543.27638190956,0.0,50
10000.0,0.5,1,60,0.5,60,-156543.64458385413,-3130.8728916770824,-2366.742522169836,3955.0867800634933,15642711.437833011,-8931.70960298602,-12254.914746486154,-14191.87585372536,-7824486.591808183,-0.7916066235153579,-75.73470952290958,41.34,35.0,8022.752217359624,0.40938,0.96,26.92,20630985.9,5.837338188000368,15307.94451820827,499056.2626995645,0.0,50
10000.0,0.5,1,60,1.0,40,-116120.04640689504,-2322.400928137901,-1961.3296523464378,1981.2033066798574,3925166.5423992015,-6482.273174470031,-7119.392153296697,-7459.706494380487,-1964905.6721277386,-1.1722173692656799,-43.78583951994534,53.04,44.0,4676.040621503759,0.40387999999999996,0.0701660424845555,52.0,21627995.2,2.595253460341447,11215.091410687426,407767.63197586726,0.0,50
10000.0,0.5,1,60,1.0,60,-185754.18433753087,-3715.0836867506173,-3018.411361004866,3512.4588053199445,12337366.859069612,-9638.328310375131,-11566.724187558322,-13068.771739145508,-6172398.513221556,-1.0576874755435484,-69.0279391815425,53.82,46.0,7454.414093329197,0.40614999999999996,0.98,37.24,27471021.9,6.389649056521674,13626.956982776639,510424.04124860646,0.0,50
10000.0,0.5,1,60,2.0,40,-153545.1668291358,-3070.903336582716,-2917.3344286916545,2229.6030893429515,4971129.936007634,-7060.898427040549,-7207.799524870119,-7323.963699763524,-2488635.8713403996,-1.377331844963631,-67.70069084177064,45.36,39.0,5015.651746161976,0.4029499999999999,0.0011587301587301588,42.1,19084036.0,3.3640139571437775,9560.158045519725,420723.89770723105,0.0,50
10000.0,0.5,1,60,2.0,60,-235547.2931612993,-4710.945863225987,-3982.793249340437,3762.297578066491,14154883.065924985,-11354.046767143456,-13701.603951577292,-16460.559875337756,-7082152.478825719,-1.25214600001039,-91.4746769558444,51.5,45.0,7984.124525753191,0.40668,0.6683496439223237,33.58,27582073.2,7.791680104297164,16551.021228237893,535574.2368932039,0.0,50
10000.0,0.5,2,20,0.5,40,-130900.39179745916,-2618.007835949183,-2384.5569755884353,3411.6651397264804,11639459.025624905,-8240.353105574304,-11123.809004884446,-12864.447900270228,-5822347.520648401,-0.7673695186152725,-54.632884723480444,47.92,40.5,6323.09074973312,0.40643,0.94,18.02,11366036.4,7.562097833083991,13704.730820534984,237187.73789649416,0.0,50
10000.0,0.5,2,20,0.5,60,-144755.08339835622,-2895.1016679671243,-2479.667338748055,3665.5393098259037,13436178.431878962,-9350.330525181193,-9729.633312011758,-9768.746861984138,-6720984.3176074475,-0.7898160197615882,-56.72221136299225,51.04,42.5,7478.270061874541,0.40723,0.96,22.98,11744024.8,8.44125802113283,13296.566578143742,230094.52978056428,0.0,50
10000.0,0.5,2,20,1.0,40,-98886.54756076995,-1977.730951215399,-491.66299657180207,4446.071572096337,19767552.424203195,-11607.500169343064,-14897.444029812663,-16401.771432936774,-9885753.943052813,-0.44482661134545065,-35.545128526516876,55.64,51.5,6101.3729552604855,0.4042,0.94,21.58,13029996.0,8.57192753805368,16619.456390697218,234183.9683680805,0.0,50
10000.0,0.5,2,20,1.0,60,-140057.71193948312,-2801.1542387896625,-1589.34179770638,3792.6584778597303,14384258.329681285,-8803.511692492271,-9959.725010088141,-11917.432542584487,-7194930.319079432,-0.7385727597518005,-53.25388286672362,52.6,50.5,7517.061681799291,0.40973000000000004,0.92,24.14,12028095.2,8.751090516535264,15072.739435976022,228671.01140684407,0.0,50
10000.0,0.5,2,20,2.0,40,-147297.69481798055,-2945.953896359611,-1784.6527930229786,4668.870855091681,21798355.061524525,-11229.907594629529,-13559.484532063283,-15296.945145989303,-10902123.484658623,-0.6309778076526238,-57.00375186454356,51.68,40.5,7079.739125110318,0.4021999999999999,0.94,20.36,11931989.2,8.54154986535321,16802.344373554457,230882.1439628483,0.0,50
10000.0,0.5,2,20,2.0,60,-113547.80718626315,-2270.956143725263,-394.33789707982214,5180.762662702517,26840301.76725248,-12493.883771746372,-15099.159205290955,-17886.436003654147,-13422421.839769965,-0.43834398361344584,-34.20114674285034,66.4,61.0,7505.818265425941,0.40934,0.96,31.56,15043994.4,10.54217251540403,19589.40176914702,226566.18072289156,0.0,50
10000.0,0.5,2,40,0.5,40,-105734.3801188955,-2114.68760237791,-1553.6034118916723,4046.118406748461,16371074.161428705,-8913.21871646237,-10851.971154448498,-11990.820698921452,-8187651.76831673,-0.5226460003865263,-57.46433702113887,36.8,33.5,6300.541166110531,0.40964000000000006,0.92,23.38,14536035.2,6.967218176273503,13704.730820534984,395000.95652173914,0.0,50
10000.0,0.5,2,40,0.5,60,-113462.64786884934,-2269.2529573769866,-1748.1977939939825,3950.693012965935,15607975.282697856,-9861.452968056663,-11386.14541072573,-12777.249152769102,-7806256.894306305,-0.5743936443375534,-50.249179747054626,45.16,37.0,7554.8167277826,0.41112000000000004,0.96,23.12,17307985.4,8.320924719050005,16149.363681402872,383259.1984056687,0.0,50
10000.0,0.5,2,40,1.0,40,-54390.83042937226,-1087.8166085874452,-688.1511882017949,2944.983407676015,8672927.271487033,-6450.005791721202,-7702.398950820789,-9346.821093750536,-4337551.452352104,-0.36937953733515544,-27.44239678575795,39.64,37.0,5925.582097645908,0.40856999999999993,0.98,25.64,15671972.8,6.724888128883208,13110.87595476769,395357.5378405651,0.0,50
10000.0,0.5,2,40,1.0,60,-193392.93752084154,-3867.858750416831,-3881.489069222065,5092.681996061367,25935409.913007583,-12408.525844642101,-15693.580421380155,-19100.400005092844,-12971572.815254208,-0.7594934758163651,-105.44871184342504,36.68,32.0,8859.678816137128,0.40635000000000004,0.92,19.48,14130030.5,7.786136348048469,19446.348681173637,385224.38658669573,0.0,50
10000.0,0.5,2,40,2.0,40,-51230.1452063437,-1024.6029041268741,-383.65629802655894,3476.847606477558,12088469.278668724,-6740.857416802353,-8393.455429982996,-9434.008530493651,-6045259.242238489,-0.2946930726033801,-20.418551297865168,50.18,44.5,5586.859817121318,0.40801000000000004,0.98,35.64,19878906.4,7.601445302908004,11301.116131078568,396151.980868872,0.0,50
10000.0,0.5,2,40,2.0,60,-80006.80946431524,-1600.136189286305,-1564.2367143078009,3753.5391157832028,14089055.893714549,-7603.546498356754,-8800.159280638365,-9742.30588163517,-7046128.083046561,-0.4263006565077446,-32.48347927905613,49.26,38.0,7076.05470798686,0.40921,1.0,28.26,18990996.9,9.505729159426334,13948.019762455951,385525.71863580996,0.0,50
10000.0,0.5,2,60,0.5,40,-34025.884569740505,-680.5176913948101,-350.90246142918477,2842.231712642067,8078281.108348258,-6045.675163229875,-7104.980579184678,-7846.142501010094,-4039821.0718655237,-0.2394307573051384,-19.399021989589798,35.08,33.0,5212.1419979551265,0.4105500000000001,0.96,28.8,15875081.2,11.594102665396528,10185.040665331646,452539.37286202965,0.0,50
10000.0,0.5,2,60,0.5,60,-119049.5764942792,-2380.991529885584,-886.6583416435751,5181.094615578391,26843741.415575396,-12487.284187564614,-15171.563876174701,-18163.624525030842,-13424251.699317584,-0.45955376354757466,-69.57894593470438,34.22,27.0,8043.906703508544,0.4090499999999999,0.96,21.4,16842033.6,7.141770084775478,22661.836774072726,492169.3045002923,0.0,50
10000.0,0.5,2,60,1.0,40,-105493.3801612226,-2109.867603224452,-571.0449481072137,4155.998631385118,17272324.624074973,-10530.093354516855,-11921.2197475497,-14151.012795740506,-8638272.17964071,-0.5076680216616828,-62.86852214613981,33.56,31.0,5431.603909781925,0.40712000000000004,0.94,28.92,14835036.8,9.470894900166016,15882.716518183239,442045.1966626937,0.0,50
10000.0,0.5,2,60,1.0,60,-47076.873208547186,-941.5374641709437,-535.0318892286159,4073.7056354849315,16595077.604581688,-8891.92931857637,-9932.775777395427,-11663.526367188198,-8298480.3397550145,-0.23112555211874866,-21.369438587629226,44.06,38.0,7111.272024917563,0.41098,0.96,28.66,21969066.0,7.713116765578196,16400.899335507478,498617.0222423967,0.0,50
10000.0,0.5,2,60,2.0,40,-70739.6831384014,-1414.7936627680278,-576.2961636093096,2955.7297820413964,8736338.544446481,-7008.719179726083,-8600.503703626882,-10300.020617964794,-4369584.065886009,-0.47866136862836345,-34.223359041316584,41.34,36.0,5041.699407297176,0.40871999999999997,0.8803246845721272,37.84,17641050.7,8.659208834281914,15827.716518183239,426730.78616352193,0.0,50
10000.0,0.5,2,60,2.0,60,-131070.41980210459,-2621.4083960420917,-1229.2435653085704,4541.1793761579065,20622310.12644191,-10845.353722850006,-11922.448947017392,-12697.43193705671,-10313776.471616998,-0.5772527748638225,-68.94814297848741,38.02,31.0,7602.877384533314,0.40519999999999995,0.94,27.0,19659056.7,7.601708195122282,15174.80274164176,517071.45449763275,0.0,50
10000.0,1.0,1,20,0.5,40,-174421.3271328081,-3488.426542656162,-2959.5952513270895,3558.0422891812086,12659664.931601854,-9141.868560411089,-11425.126094761576,-14211.012795740506,-6333320.8923435835,-0.9804342554506154,-56.102067266905145,62.18,62.0,6812.8929301390635,0.40513,0.88,24.12,14596044.0,7.108974797115166,14466.343895228405,234738.56545513027,0.0,50
10000.0,1.0,1,20,0.5,60,-156090.11768513618,-3121.802353702724,-2454.315503825259,3923.8883305928525,15396899.630962763,-9993.782915441483,-10948.87345913658,-12136.936474586255,-7701571.617835084,-0.7955889899726737,-37.3421334174967,83.6,73.0,7195.384574535475,0.40842,0.98,39.64,19124001.6,9.340889527518007,13626.081656471826,228756.00000000003,0.0,50
10000.0,1.0,1,20,1.0,40,-163224.02511714984,-3264.4805023429967,-2743.2392856222577,3418.9983161736513,11689549.485998262,-7650.464046901691,-11906.450455339664,-14191.012795740506,-5848039.223501474,-0.9548061158437372,-51.86654754278673,62.94,60.0,6329.998870862452,0.40305,0.94,25.1,14544002.4,7.4701694983488744,14458.584792471956,231077.25452812202,0.0,50
10000.0,1.0,1,20,1.0,60,-158651.6690888321,-3173.0333817766423,-2785.1033965469105,3989.6813481174927,15917557.259516614,-10974.478567157248,-13350.726912627268,-14709.290815408458,-7961951.663140084,-0.7953099771421654,-42.205817794315536,75.18,65.0,7806.330918987435,0.4075,0.96,36.24,16984010.8,9.026087986128255,16001.555947141605,225911.29023676508,0.0,50
10000.0,1.0,1,20,2.0,40,-147849.1237874003,-2956.9824757480064,-1891.365434535488,3383.4607035963177,11447806.332780488,-9304.630190278713,-10411.419502047473,-11441.500682980288,-5726860.148865992,-0.8739520670667531,-39.39491707631237,75.06,70.5,6042.467496847134,0.40476999999999996,0.98,33.12,16176139.2,8.498599302485374,12085.174602752551,215509.448441247,0.0,50
10000.0,1.0,1,20,2.0,60,-202177.76635295234,-4043.5553270590467,-3363.6059900497203,4217.98848158844,17791426.83081275,-11389.822698451102,-13592.874711212624,-15235.189216981875,-8899756.970733434,-0.9586454170532341,-56.31692656071096,71.8,57.0,7783.037722020502,0.40778,0.98,35.92,15286018.4,8.705276062132617,15365.13795554865,212897.19220055713,0.0,50
10000.0,1.0,1,40,0.5,40,-159152.49909041123,-3183.049981808225,-2488.601590214472,3940.627575350874,15528545.68761571,-11585.595130151913,-12984.646059534047,-14666.89962002472,-7767455.893789663,-0.8077520448057053,-77.67325480254331,40.98,36.5,6718.795676979924,0.40646,0.92,26.74,16220020.8,5.736600525889842,15776.86981751473,395803.33821376285,0.0,50
10000.0,1.0,1,40,0.5,60,-240145.0226523059,-4802.900453046118,-4988.428659895493,4888.900546030643,23901348.54897872,-14062.523165759485,-16238.199398194402,-17763.765994675574,-11955477.174942406,-0.982409113833307,-111.79935877667872,42.96,31.0,9019.050257012843,0.40454,0.92,22.84,16485032.3,6.588826178139948,18097.929869035725,383729.802141527,0.0,50
10000.0,1.0,1,40,1.0,40,-158670.4657419863,-3173.409314839726,-2756.498918012716,3687.688510115747,13599046.547639696,-10545.17198807004,-13280.82539729964,-13867.207592707244,-6802696.683134688,-0.8605415848257912,-52.74948994081991,60.16,57.5,6468.4520794895525,0.40454000000000007,0.98,41.58,23880057.6,6.167165464402654,14494.607843628473,396942.4468085107,0.0,50
10000.0,1.0,1,40,1.0,60,-115629.35000347829,-2312.587000069566,-1372.2706857541925,3691.70357501616,13628675.285787096,-9139.311828588503,-11367.856857911645,-13428.0519716579,-6816650.229893617,-0.6264281389544708,-33.35141332664502,69.34,70.0,6886.025689133805,0.40778,0.96,40.18,26795993.8,8.921906653535755,14246.321333725471,386443.52177675226,0.0,50
10000.0,1.0,1,40,2.0,40,-159177.89355452708,-3183.5578710905415,-2271.5674221608206,3624.685535085729,13138345.228259718,-9412.089120402723,-11840.696564314072,-13104.447900270228,-6572356.172000949,-0.8782990525037002,-52.138189831158556,61.06,45.0,6321.640707311747,0.40836999999999996,0.7160875632598918,42.3,24242025.6,7.137135561518311,13740.950759640196,397019.7445135932,0.0,50
10000.0,1.0,1,40,2.0,60,-163145.16906790808,-3262.9033813581614,-2157.273075375182,4283.278709364382,18346476.502094205,-10503.101208545686,-13407.943208417817,-17728.765994675574,-9176501.154428462,-0.7617770410839314,-51.97361231854351,62.78,62.0,7959.863028437647,0.40806,0.98,35.9,24301011.6,8.657199864912698,18062.929869035725,387082.05798024853,0.0,50
10000.0,1.0,1,60,0.5,40,-121131.12834549812,-2422.622566909962,-2439.47808621038,2830.7584802585175,8013193.5735555105,-7766.481290138606,-8684.82321537484,-9235.774024317623,-4009019.4093446652,-0.8558210047958107,-74.13165749418489,32.68,28.0,5402.516978372526,0.40651000000000004,0.96,28.44,14393980.2,7.942723931577722,10660.608671251568,440452.27050183597,0.0,50
10000.0,1.0,1,60,0.5,60,-175118.89225225954,-3502.377845045191,-2382.1202736920095,4491.971166326494,20177804.959108602,-10678.557897550822,-12119.802354220883,-13233.0519716579,-10092404.857399346,-0.7796973122400145,-75.74346550703267,46.24,44.0,7874.3033202909155,0.40741000000000005,0.96,30.06,23046023.7,6.361053284918938,14184.178952981485,498400.1665224913,0.0,50
10000.0,1.0,1,60,1.0,40,-123240.47163968731,-2464.809432793746,-1911.41104013921,2203.8737342842187,4857059.436667867,-6821.648740213923,-7844.980007411097,-8738.99419206113,-2430994.5277667274,-1.1183986607078271,-57.002993357857214,43.24,39.0,4665.237637196829,0.40536,0.07181203601317623,42.22,17701988.0,2.452448734219029,11215.091410687426,409389.1766882516,0.0,50
10000.0,1.0,1,60,1.0,60,-123062.48892167117,-2461.2497784334237,-1795.7524325805134,3229.7112774744965,10431034.935845943,-7822.450897082611,-9384.76722273537,-11225.220853394596,-5217978.717701405,-0.7620649547216677,-43.54652828084613,56.52,49.0,7509.301937538215,0.40706999999999993,1.0,38.9,28775990.7,6.363011120334618,13423.677217380842,509129.3471337579,0.0,50
10000.0,1.0,1,60,2.0,40,-122702.17619569623,-2454.0435239139247,-1979.4033520433877,1887.2790000185214,3561822.02391091,-5787.3858692749,-6658.12730606657,-7638.787642332958,-1783365.055479369,-1.3003077572995518,-54.58281859239156,44.96,40.0,4546.571210976313,0.40421,0.00044444444444444447,42.12,18736014.4,2.877158775319783,8409.384865490138,416726.2989323843,0.0,50
10000.0,1.0,1,60,2.0,60,-213498.57495263696,-4269.971499052739,-2849.6203576464904,4460.849327737902,19899176.72477969,-13659.791694005446,-16021.563876174701,-18433.624525030842,-9953858.333888898,-0.957210429076986,-80.14210771495381,53.28,51.0,8032.029275449283,0.40719,0.6447633959354805,34.6,28599172.8,8.165698247522942,22661.836774072726,536771.2612612613,0.0,50
10000.0,1.0,2,20,0.5,40,-101399.09211096592,-2027.9818422193184,-860.1373302732536,4398.155994368875,19343776.15080287,-8954.8603998208,-13450.459339686204,-16501.771432936774,-9673916.057243655,-0.46109820679743024,-31.15179481135666,65.1,60.0,6211.872684185307,0.40655,1.0,24.8,15510003.2,8.99453509159576,16679.466624247958,238248.89708141322,0.0,50
10000.0,1.0,2,20,0.5,60,-153029.78364447464,-3060.5956728894926,-2503.576493312721,4455.281501060504,19849533.253691934,-11030.60913811191,-12105.964979425693,-13405.587502931943,-9927827.222518856,-0.6869589883737498,-54.594999516401934,56.06,49.0,7428.195312568485,0.40761,0.96,25.2,12976061.2,9.06291605689384,15228.030673432746,231467.37780948982,0.0,50
10000.0,1.0,2,20,1.0,40,-56827.26638309937,-1136.5453276619874,-346.0932848493103,2929.2218475342593,8580340.63207202,-6286.884054070181,-8734.384608064662,-10035.017391316476,-4291306.861363672,-0.3880024753394192,-19.52827023474205,58.2,55.0,5670.235774787883,0.40695,0.98,22.62,13636024.0,8.675897081470685,11756.691100563738,234295.94501718212,0.0,50
10000.0,1.0,2,20,1.0,60,-195879.63193373661,-3917.5926386747324,-3783.8872576544527,3911.7555047407873,15301831.12886985,-10272.933853447495,-11864.996963360774,-12864.447900270228,-7654833.1570736,-1.0014922031619484,-72.25364512494896,54.22,45.5,7799.169603861204,0.40637999999999996,0.96,25.06,12334044.0,9.218102838658883,14163.14922553231,227481.44596090005,0.0,50
10000.0,1.0,2,20,2.0,40,-117523.62367939533,-2350.4724735879067,-2048.0947581083165,3844.2032801940495,14777898.85945469,-9364.143005068541,-10854.5546974272,-11416.217859655968,-7391299.902200933,-0.6114329296000827,-42.751409123097616,54.98,46.0,6496.119362521322,0.40212000000000003,0.94,21.76,12705985.2,8.934783672243164,12474.371696603834,231101.94979992724,0.0,50
10000.0,1.0,2,20,2.0,60,-108053.13869735238,-2161.0627739470474,-1023.0095680911327,4402.589278585052,19382792.35591205,-9767.729302807571,-13428.632833436946,-19165.400005092844,-9693557.24072997,-0.49086177183466456,-34.74377450075639,62.2,58.0,7021.450818964074,0.40940999999999994,0.94,29.44,14070000.8,10.500342512065066,19378.671398576233,226205.8006430868,0.0,50
10000.0,1.0,2,40,0.5,40,-136646.7494188064,-2732.934988376128,-1858.0408611256862,3876.1588039781614,15024607.073657412,-8578.030341747199,-9257.937512657256,-9975.017391316476,-7515036.471817082,-0.7050626990748082,-85.35087409044746,32.02,29.0,6791.880333557375,0.40639,0.92,19.88,12633988.8,6.487159199091459,11397.057066980284,394565.5465334166,0.0,50
10000.0,1.0,2,40,0.5,60,-134800.39996311843,-2696.0079992623687,-1439.982609143306,5057.042235643874,25573676.17308599,-10789.259286063385,-13644.82211718813,-16454.009490884026,-12789534.094542257,-0.5331195338372675,-67.77295121323199,39.78,31.0,8439.442909900814,0.40662,0.94,20.54,15260021.6,8.198991939444925,18049.188001877395,383610.3971845148,0.0,50
10000.0,1.0,2,40,1.0,40,-52646.41822694556,-1052.9283645389112,-751.592057907139,3404.9736208557406,11593845.358723452,-7215.3623684456925,-7793.062190441105,-8123.257726823096,-5797975.607726265,-0.3092324586861202,-24.261022224398875,43.4,33.5,5457.076175414575,0.40989999999999993,0.94,28.28,17172005.6,7.216722714940016,11184.83311088066,395668.33179723506,0.0,50
10000.0,1.0,2,40,1.0,60,-165246.7648844773,-3304.935297689546,-2907.930451473454,5596.562118498893,31321507.546216823,-10322.507075274421,-16231.828346528617,-19181.18143248663,-15664058.708406102,-0.5905295479102809,-71.07387736966766,46.5,35.0,8244.053893779352,0.40706000000000003,0.98,25.0,17897068.0,9.108510357992802,21041.94372072001,384883.18279569893,0.0,50
10000.0,1.0,2,40,2.0,40,-84356.69101846687,-1687.1338203693374,-1188.6907606256427,3716.6905211259605,13813788.429827563,-8754.196457108867,-9829.35330165259,-11161.500682980288,-6908581.348734151,-0.4539344373116574,-33.66188787648319,50.12,45.0,5980.691553309155,0.40716,0.9991304347826088,35.52,19852113.6,7.567501822500288,13070.87595476769,396091.65203511575,0.0,50
10000.0,1.0,2,40,2.0,60,-201070.30980318738,-4021.4061960637478,-4409.599704516644,5182.2546872701905,26855763.643733863,-11830.050063072045,-14932.83573296247,-17653.765994675574,-13431903.228062995,-0.775995476629361,-89.88391140062019,44.74,35.0,8623.332078396883,0.40463,0.92,25.84,17264078.1,9.04169194039912,18027.929869035725,385875.68395172106,0.0,50
10000.0,1.0,2,60,0.5,40,-66254.36658081971,-1325.0873316163943,-1277.3349534267618,3734.8082657039045,13948792.781570207,-6874.715299579007,-10776.863319903729,-14151.012795740506,-6975721.47811672,-0.3547939378264974,-39.62581733302615,33.44,30.0,5579.105324864453,0.40964999999999996,0.9,27.78,15075069.4,11.188199416390194,15174.80274164176,450809.4916267943,0.0,50
10000.0,1.0,2,60,0.5,60,-116092.40693645459,-2321.8481387290917,-1108.0467068935977,5193.425550165364,26971668.945110418,-11515.326479210582,-14278.219027918298,-16474.009490884026,-13488156.320693938,-0.44707450146362726,-61.004943214111705,38.06,35.5,8077.510664446499,0.40939,0.96,23.98,18762135.6,7.751510915957636,18077.265567324706,492962.049395691,0.0,50
10000.0,1.0,2,60,1.0,40,-80362.4474158939,-1607.2489483178779,-887.2240785075992,3142.7333713277417,9876773.043257033,-7554.13966906867,-9645.140436545908,-10894.514288624516,-4939993.770576835,-0.5114175332151503,-54.81749482666705,29.32,27.0,5100.990731996288,0.40602,0.92,25.24,12965980.0,8.521804197796705,11627.331923214078,442223.05593451567,0.0,50
10000.0,1.0,2,60,1.0,60,-139713.77535741124,-2794.2755071482247,-2312.1433451973717,4659.525781458734,21711180.508078627,-9904.643924945709,-13839.572923245685,-18163.624525030842,-10858384.529546462,-0.5996909638887834,-77.0622037271987,36.26,32.5,7887.856545548338,0.40836999999999996,0.94,23.38,18051069.6,7.14187290466263,19594.439969837433,497823.2101489245,0.0,50
10000.0,1.0,2,60,2.0,40,-103839.56244936911,-2076.7912489873825,-1194.905469925201,3014.0536321968084,9084519.297758775,-7512.258718985613,-9223.828134096557,-11717.847413724056,-4544336.440128375,-0.6890359304830994,-60.371838633354145,34.4,32.0,5201.216490051301,0.4065200000000001,0.8359863827202667,31.66,14628997.3,7.948108458276079,12917.812588268309,425261.5494186047,0.0,50
10000.0,1.0,2,60,2.0,60,-100349.79949670832,-2006.9959899341663,-1701.3143164398498,3586.79680474971,12865111.318562731,-8237.314163210016,-11091.151050538445,-14151.012795740506,-6434562.6552713,-0.5595510699897751,-47.6042692109622,42.16,37.0,7150.002161763115,0.40635999999999994,0.94,29.96,21792057.0,7.897049872683386,14506.343895228812,516889.39753320685,0.0,50
10000.0,2.0,1,20,0.5,40,-149482.46086251075,-2989.649217250215,-2175.461480499245,3958.495296531878,15669685.012665,-11017.288903246726,-13780.460451807556,-14646.89962002472,-7837832.15554975,-0.7552488997192329,-46.065473301235976,64.9,57.5,6608.351681027283,0.40503,0.94,25.18,15292036.4,7.099033773930379,15754.419657660474,235624.59784283512,0.0,50
10000.0,2.0,1,20,0.5,60,-228193.82496123185,-4563.876499224637,-4063.5951130482135,4546.606356686168,20671629.362659063,-11272.84291338218,-14390.978141395297,-18526.436003654147,-10340378.557828756,-1.0037984688320483,-68.19899132134843,66.92,57.5,8105.19790697783,0.406,0.96,31.34,15330015.2,8.645304833227035,19699.751964452036,229079.72504482963,0.0,50
10000.0,2.0,1,20,1.0,40,-115941.87015958494,-2318.8374031916987,-1089.7752404310158,3299.6369173785065,10887603.786527133,-9217.915927810047,-10119.14862120621,-10762.425593513995,-5446120.730666758,-0.7027553216471055,-31.983964181954466,72.5,60.5,6129.955052869094,0.40496999999999994,0.96,29.26,16679976.4,8.01225092915738,10823.339277757914,230068.64,0.0,50
10000.0,2.0,1,20,1.0,60,-165033.06206753402,-3300.6612413506805,-3117.6964769327315,3558.608418832949,12663693.878588742,-9386.46598932377,-10073.013024431886,-10732.263210868696,-6335147.6005357215,-0.9275145935927982,-48.76863536274646,67.68,61.5,7497.008154013801,0.40783,0.94,32.86,15208040.0,8.548726640868596,14728.002308910596,224705.08274231676,0.0,50
10000.0,2.0,1,20,2.0,40,-148644.0561657648,-2972.881123315296,-2034.9993103184388,3846.451448013993,14795188.74192894,-11124.818640633928,-12953.425857436028,-15816.945145989303,-7400567.252087786,-0.7728892886063821,-35.991296892437,82.6,75.5,6599.040011625335,0.4036,1.0,36.54,17826019.2,8.856311090973184,16852.486846346117,215811.37046004843,0.0,50
10000.0,2.0,1,20,2.0,60,-213169.52221316122,-4263.390444263225,-4352.586254328664,3904.3159300930183,15243682.88197811,-10334.472444159159,-13178.387187700331,-14789.290815408458,-7626104.831433318,-1.09196861130051,-57.80084658708276,73.76,64.5,8214.922474026846,0.40726999999999997,0.98,37.1,15657979.6,9.135245206870367,21151.047655801172,212282.80368763555,0.0,50
10000.0,2.0,1,40,0.5,40,-179636.59390797827,-3592.7318781595654,-3564.8113243902335,3413.4371802406995,11651553.383449579,-8604.82337903601,-11038.082251178954,-13983.661036476493,-5829369.423602949,-1.0525261454804833,-94.29742462361064,38.1,34.0,6921.03205997153,0.40458000000000005,0.92,24.6,15062009.6,5.168711749568286,14362.876597157563,395328.3359580052,0.0,50
10000.0,2.0,1,40,0.5,60,-145645.18106289086,-2912.903621257817,-2205.0777987838956,3797.5081906116825,14421068.457762815,-8646.228005841356,-12046.342966001946,-14604.290815408458,-7213447.132502666,-0.7670565736917753,-55.02273557343818,52.94,52.0,7218.326008117335,0.4071100000000001,0.98,28.68,20344976.5,7.605653524093699,16042.500962365302,384302.5406120136,0.0,50
10000.0,2.0,1,40,1.0,40,-116924.69876558892,-2338.4939753117783,-1526.1306321230368,2769.6827297121936,7671142.423265988,-7760.285488194384,-8381.567160209912,-8760.312776235398,-3837909.705608306,-0.8443183582813957,-36.849889305259666,63.46,58.0,5600.230484118515,0.40678999999999993,0.98,44.22,25193986.4,6.411099473379437,11017.660999476357,397005.7737157264,0.0,50
10000.0,2.0,1,40,1.0,60,-152172.43067077815,-3043.448613415563,-2319.573522068851,4087.4421609886413,16707183.419427492,-11549.111400503432,-12100.93160463497,-12697.092906909646,-8356635.158327161,-0.7445851203625817,-51.357553381970355,59.26,53.0,8097.333722285789,0.40665999999999997,0.96,34.3,22871046.4,8.04070868952744,16391.681767315662,385944.08369895373,0.0,50
10000.0,2.0,1,40,2.0,40,-166772.92432209005,-3335.458486441801,-2597.9122804571525,3040.2005038234206,9242819.10344818,-8646.32230269936,-10534.583943349231,-11721.500682980288,-4624745.010210532,-1.097117930954212,-64.19281151735568,51.96,46.0,6312.833979749421,0.4055,0.7093947931841934,35.82,20600083.2,6.093862540873245,12478.870549499086,396460.415704388,0.0,50
10000.0,2.0,1,40,2.0,60,-183438.32909408037,-3668.7665818816076,-2981.3210341399536,3651.5782405259265,13334023.646682423,-9779.215081023658,-11724.95734696133,-13127.249152769102,-6670680.589923093,-1.0047070992930993,-54.35209750935715,67.5,62.0,7947.506831831905,0.40847,0.98,38.68,26134988.8,9.0977489951108,16236.305414879826,387185.0192592593,0.0,50
10000.0,2.0,1,60,0.5,40,-88684.63995297533,-1773.6927990595066,-1323.249561924953,2705.629209944787,7320429.421706451,-7440.317654257009,-8418.825243792671,-9520.11669232638,-3661988.403652285,-0.6555564940456295,-44.47574721814209,39.88,39.0,5041.076399972632,0.40740999999999994,0.98,34.88,17477995.4,9.316965785433007,11576.020609662519,438264.6790371113,0.0,50
10000.0,2.0,1,60,0.5,60,-193609.90587610716,-3872.198117522143,-3643.707763603481,4959.025359633709,24591932.517490234,-13799.023300792498,-14405.116515332871,-14991.61742652976,-12299838.45686264,-0.7808385391695952,-80.60362442802129,48.04,45.0,8248.972750078985,0.40629999999999994,0.94,31.42,23985009.3,6.26322487662551,22661.836774072726,499271.6340549542,0.0,50
10000.0,2.0,1,60,1.0,40,-145494.7235757102,-2909.8944715142043,-2364.47387933571,2442.546239816772,5966032.133643052,-7738.212865274836,-9538.26972115133,-10937.963430659496,-2985925.96129304,-1.1913364930734327,-65.30283822967245,44.56,37.0,5180.401716515974,0.40230000000000005,0.10091286121042735,43.56,18219983.2,2.496172784935526,11368.384788003692,408886.51705565525,0.0,50
10000.0,2.0,1,60,1.0,60,-196051.40737004392,-3921.0281474008784,-2940.0371819309657,4377.419643777941,19161802.737733,-10295.961998670396,-14927.220373284848,-17624.576295595616,-9584822.3970139,-0.8957396060881042,-75.25965733974814,52.1,46.0,7749.731276548596,0.40487,1.0,35.7,26489994.6,6.043573592611002,17968.62574046728,508445.19385796547,0.0,50
10000.0,2.0,1,60,2.0,40,-150690.25807385327,-3013.805161477065,-2709.2277419630555,2370.519450188057,5619362.463719887,-6267.170215937595,-9365.133026545363,-14211.012795740506,-2812695.0370214204,-1.271369092220148,-62.26870168341044,48.4,41.0,4866.761512168797,0.40288,0.0006060606060606061,45.52,20123990.4,3.1810229815595363,14506.343895228812,415784.9256198347,0.0,50
10000.0,2.0,1,60,2.0,60,-210118.10297169338,-4202.362059433868,-3435.37999938312,3777.9668242601015,14273033.325209957,-10745.775311623322,-13507.389271557991,-16338.525873651844,-7140719.024664412,-1.1123342937919447,-84.3509044446782,49.82,40.0,7863.154627553848,0.40684,0.6119805327582768,32.46,26784007.8,7.6804780214552535,17170.441018056823,537615.5720594139,0.0,50
10000.0,2.0,2,20,0.5,40,-89618.85434555844,-1792.3770869111688,-873.0929564500111,3025.3314027876945,9152630.09669336,-6631.332927419537,-7393.865239282914,-8261.219959136914,-4578107.425433591,-0.5924564446919729,-32.62426441410937,54.94,49.0,5828.338524698957,0.40729,0.92,20.72,13072061.6,8.057472008340671,10248.654975490062,237933.41099381144,0.0,50
10000.0,2.0,2,20,0.5,60,-150562.0138332129,-3011.240276664258,-2851.943661484751,3450.161178741436,11903612.159294495,-8386.91657001431,-9040.312727348879,-9665.5666273518,-5954817.319923912,-0.8727824935302988,-63.90577836723808,47.12,45.0,7414.427026841198,0.40657999999999994,0.94,20.8,10892048.8,8.477075471525007,12254.584137128084,231155.53480475384,0.0,50
10000.0,2.0,2,20,1.0,40,-82546.89362099813,-1650.9378724199626,-600.5890274127014,3952.730481161628,15624078.256704237,-9435.49653733301,-11756.999846355486,-14546.89962002472,-7813690.066224539,-0.41767023587562374,-28.86255021713221,57.2,51.5,6083.692569556674,0.40643,0.98,22.34,13328059.2,8.465496218011243,15665.621587299276,233008.02797202795,0.0,50
10000.0,2.0,2,20,1.0,60,-130089.50990984018,-2601.790198196804,-1681.454388374288,4518.086142549023,20413102.39149351,-11242.247646449827,-13058.406781707154,-14131.012795740506,-10209152.985944953,-0.5758611314852763,-48.887452051800146,53.22,42.5,7363.617186044542,0.40791999999999995,0.94,24.52,12177927.6,8.907850599766457,14553.433646037825,228822.3900789177,0.0,50
10000.0,2.0,2,20,2.0,40,-100417.90489703865,-2008.358097940773,-2117.3249086110154,3394.5212979099156,11522774.841964018,-7378.588244876684,-9114.758809161993,-10054.134920953773,-5763395.7790799495,-0.5916469280003556,-34.86732808924953,57.6,50.0,6457.819126718329,0.40287999999999996,0.96,22.78,13336069.6,9.31815499877332,13018.816504365881,231528.9861111111,0.0,50
10000.0,2.0,2,20,2.0,60,-108751.96775800746,-2175.039355160149,-2136.685395090375,4568.364519334455,20869954.381513923,-7446.160291367123,-12982.656189634543,-19165.400005092844,-10437152.230112122,-0.47610897640815775,-31.87337859261649,68.24,63.0,7156.484484012772,0.40984999999999994,0.94,32.48,15476004.4,10.733600704854474,19378.671398576233,226787.87221570927,0.0,50
10000.0,2.0,2,40,0.5,40,-123898.80911620008,-2477.9761823240015,-2029.88480043225,3633.814517847105,13204607.950116388,-8492.308565166179,-9618.378851531228,-11065.485012594727,-6604781.951240518,-0.6819214822751671,-69.25590224494135,35.78,33.0,6607.519808853059,0.4078099999999999,1.0,22.3,14117972.8,7.046840600661194,12478.870549499086,394577.2163219676,0.0,50
10000.0,2.0,2,40,0.5,60,-139691.9283561464,-2793.838567122928,-2298.358041583502,4380.099655783038,19185272.99459068,-9861.452968056663,-12030.94627822373,-14210.272324569873,-9595430.335862463,-0.6378481739413371,-69.257277320846,40.34,36.0,7864.224300470814,0.40900000000000003,0.94,20.76,15486041.6,8.17069772783666,15592.964620754705,383887.99206742685,0.0,50
10000.0,2.0,2,40,1.0,40,-42796.211751845025,-855.9242350369005,-503.1910595887457,3070.280002075112,9426619.29114235,-7091.705788040638,-8206.081174207697,-8381.914252015762,-4714165.569806212,-0.2787772562952329,-19.36480169766743,44.2,43.5,5392.778744835677,0.41120000000000007,0.94,28.5,17491980.0,7.367869023721632,12595.9740484145,395746.1538461538,0.0,50
10000.0,2.0,2,40,1.0,60,-140934.57553678355,-2818.691510735671,-3425.108931419498,4990.268892483348,24902783.61928698,-11983.67443061588,-12751.044193380474,-13368.031991892494,-12454210.501154225,-0.5648376012324292,-66.3533783129866,42.48,36.0,8061.869195081274,0.40722,0.94,22.76,16353987.3,8.407616852598053,16326.681767315662,384980.86864406784,0.0,50
10000.0,2.0,2,40,2.0,40,-140722.82775031426,-2814.4565550062853,-2238.4230558853014,4365.958933622925,19061597.410081822,-10690.534420485386,-13331.772176484656,-13783.661036476493,-9533613.161595918,-0.644636515779174,-73.40783920204186,38.34,34.0,6670.502285021148,0.40594,0.94,27.06,15148012.8,6.9017630844472,14439.350401501986,395096.8388106416,0.0,50
10000.0,2.0,2,40,2.0,60,-150819.7226484802,-3016.394452969604,-2924.412933346757,4984.291714901445,24843163.899235185,-11626.727865559224,-13012.62390264729,-13352.726829374325,-12424598.344070563,-0.6051801590887909,-68.05944162837554,44.32,36.0,7984.547724471806,0.40602,0.98,25.7,17134930.8,8.465917502510306,15312.20873981851,386618.4747292419,0.0,50
10000.0,2.0,2,60,0.5,40,-88308.11220207438,-1766.1622440414876,-1420.638878018537,3431.2225967569907,11773288.508495785,-7154.73716181035,-8176.256661753733,-8865.132996695582,-5888410.416491934,-0.5147326337003771,-62.49689469361244,28.26,21.0,6067.142960722272,0.40798,0.94,23.24,12781975.4,10.306424629548355,12631.478451655363,452299.20028308564,0.0,50
10000.0,2.0,2,60,0.5,60,-150285.1616405642,-3005.703232811284,-2615.0335617814562,5400.004284145054,29160046.268784933,-11083.038885981077,-14818.854688472775,-19151.18143248663,-14583028.837625278,-0.5566112681865399,-83.12232391624127,36.16,26.0,8283.025464098177,0.40765,0.94,22.72,17823002.4,7.316770795729551,21046.552128396695,492892.76548672566,0.0,50
10000.0,2.0,2,60,1.0,40,-90805.68619219586,-1816.1137238439173,-1845.2123289925512,2695.6660179117785,7266615.280124345,-6076.66139097613,-7810.288140533686,-9561.266413349775,-3635123.7537860163,-0.6737161472436828,-61.5214676098888,29.52,27.0,5530.198636240189,0.40881000000000006,0.96,25.44,13053115.4,9.27463463437546,10946.38687357097,442178.7059620596,0.0,50
10000.0,2.0,2,60,1.0,60,-129033.82977422269,-2580.6765954844536,-1799.0265267801587,4500.290365786091,20252613.376387104,-10583.88644246403,-12410.346205271198,-14320.272324569873,-10128887.364789037,-0.5734466858191491,-71.8851419355001,35.9,32.5,7849.300303405013,0.40846000000000005,0.9,23.3,17924989.2,6.993902517103956,15655.130670648126,499303.32033426187,0.0,50
10000.0,2.0,2,60,2.0,40,-108425.52915110975,-2168.510583022195,-1389.7611967789708,3462.4720932748282,11988712.996706972,-8932.626499499735,-10513.060710154203,-11263.337828179006,-5996525.008936509,-0.6262896926255304,-62.028334754639445,34.96,31.0,5281.432337984855,0.40553999999999996,0.8584987181084562,31.66,15023960.7,8.485819864662018,15174.80274164176,429747.159610984,0.0,50
10000.0,2.0,2,60,2.0,60,-143014.59419802134,-2860.2918839604267,-1869.8097435084055,5042.624409337493,25428060.93364629,-10763.829241240153,-13898.949987383714,-16190.559875337756,-12716890.758707106,-0.5672228688425456,-62.97428190137443,45.42,41.0,7887.762904531812,0.4081499999999999,0.88,32.18,23442071.4,7.625223724883677,22661.836774072726,516117.820343461,0.0,50
10002.0,0.5,1,20,0.5,40,-156543.80919094395,-3130.876183818879,-2232.1777761988924,3761.996983452979,14152621.303509314,-9242.327259855549,-11369.16228455891,-12964.447900270228,-7079441.527938476,-0.832237824110201,-47.85808902199448,65.42,59.5,6517.378300338868,0.4045000000000001,0.96,25.44,15378032.6,7.55460181736726,13084.755468870339,235066.22745337815,0.0,50
10002.0,0.5,1,20,0.5,60,-168289.85768252984,-3365.7971536505966,-3430.1036765938043,3159.1398009577674,9980164.281995483,-8509.643086435379,-9717.950373559337,-11052.263210868696,-4993447.938151392,-1.0654157035497798,-50.966038062546886,66.04,66.5,7219.194800330854,0.40514000000000006,0.94,30.88,15079041.2,8.182347761381154,13591.955057807441,228331.93821926104,0.0,50
10002.0,0.5,1,20,1.0,40,-197402.4794587792,-3948.049589175584,-2442.426472234656,4545.368754278558,20660377.11237181,-11909.85009420362,-14359.592880217087,-15856.945145989303,-10334136.60577508,-0.8685873033862024,-55.826493059609504,70.72,55.0,7067.634883353291,0.40171999999999997,0.96,28.34,16347278.4,7.9725152439299,16983.072927868052,231154.95475113124,0.0,50
10002.0,0.5,1,20,1.0,60,-210306.64062792095,-4206.132812558419,-2949.497550940432,4291.765459732222,18419250.761350527,-11775.594519324339,-14814.861114829197,-18945.400005092844,-9213831.513487821,-0.9800472211312017,-64.47168627465388,65.24,58.5,8120.762465363149,0.4061,1.0,31.34,14734937.2,8.617882251886938,19321.34592793451,225857.40649908033,0.0,50
10002.0,0.5,1,20,2.0,40,-144049.63727993052,-2880.9927455986103,-2182.5151097841153,3077.8576649502106,9473207.805692764,-7675.991434013791,-10000.067507623035,-12944.447900270228,-4739484.895591981,-0.9360383289992973,-40.474750570365416,71.18,64.0,6456.002834971788,0.40503999999999996,0.98,31.14,15443095.2,7.969913338083023,13044.447900270228,216958.34785051979,0.0,50
10002.0,0.5,1,20,2.0,60,-144742.67879691615,-2894.853575938323,-1358.546792819514,4547.012280496673,20675320.678987555,-11044.379978562933,-15882.654547393011,-18905.400005092844,-10340555.193069715,-0.6366496057981791,-36.86772256671323,78.52,72.5,7409.413813070439,0.40798,0.96,39.5,16734320.6,9.20807488271352,19288.21852140827,213121.76006113092,0.0,50
10002.0,0.5,1,40,0.5,40,-145174.97434749804,-2903.4994869499606,-1571.796737677243,3813.7912204016793,14545003.472812932,-11254.093326247816,-12222.90646452899,-13307.207592707244,-7275405.235893416,-0.7613157929089245,-62.57541997736984,46.4,41.0,6635.862135015121,0.40765,1.0,29.9,18363660.0,6.38891509675807,17961.29106654186,395768.5344827586,0.0,50
10002.0,0.5,1,40,0.5,60,-166731.7853494716,-3334.635706989432,-2696.699404863699,3969.12104763521,15753921.890780825,-10887.213460411544,-12287.220686423592,-13370.821982678142,-7880295.581097402,-0.8401446231969564,-63.036591814545034,52.9,48.0,7995.135714423031,0.40654,0.98,28.38,20298050.4,7.575276148184123,14936.873400105862,383706.056710775,0.0,50
10002.0,0.5,1,40,1.0,40,-153144.20674460405,-3062.884134892081,-2119.326492880413,3117.7096608987567,9720113.52966144,-8005.313209330483,-9930.481414651304,-12065.293941223761,-4863119.648965612,-0.9824148070311802,-57.05819923420419,53.68,51.5,6563.323082189097,0.40369,0.9986206896551724,36.98,21280253.6,5.815391674073189,18047.3835698521,396427.97317436663,0.0,50
10002.0,0.5,1,40,1.0,60,-166427.6678355605,-3328.55335671121,-1922.500591936754,4320.681123777413,18668285.373366445,-12314.328224977548,-13779.755599183962,-14999.290815408458,-9337471.240039933,-0.7703769987544018,-58.47774695557291,56.92,50.0,7831.821790528854,0.40501999999999994,0.96,32.84,21977359.4,7.797183138175903,16212.384538972343,386109.61700632464,0.0,50
10002.0,0.5,1,40,2.0,40,-190982.4961573882,-3819.649923147764,-3056.5172366304323,3563.9634841516604,12701835.716366442,-10385.634644109925,-12453.689488672186,-14786.89962002472,-6354737.508106369,-1.0717421601349246,-79.84218066780443,47.84,40.5,6720.41967149811,0.40381999999999996,0.7560999011342742,33.3,18947839.2,6.494638266736271,17975.319683010515,396066.8729096989,0.0,50
10002.0,0.5,1,40,2.0,60,-177419.08070797773,-3548.3816141595544,-3084.5062784599722,3709.4765422105243,13760216.217210148,-10987.790087689633,-11811.04225859438,-11962.175539807067,-6883656.490219234,-0.9565720590981476,-54.87753810948894,64.66,55.0,7686.756338729266,0.40656,0.96,37.54,25072967.4,8.982121894084754,16261.681767315662,387766.27590473247,0.0,50
10002.0,0.5,1,60,0.5,40,-65702.44677448901,-1314.0489354897802,-743.2919368127186,2524.991392279732,6375581.531086738,-6638.384383546096,-7746.931688859574,-9023.302072666003,-3189104.814478859,-0.5204171940969858,-35.55327206411743,36.96,31.0,4978.925660545498,0.41103,0.96,32.38,16204200.9,7.899994712383135,11998.255713234772,438425.34902597405,0.0,50
10002.0,0.5,1,60,0.5,60,-138106.60418536817,-2762.1320837073636,-2367.117121931631,4089.0233055991625,16720111.593733104,-10120.423980913898,-11724.108483578311,-12832.43193705671,-8362817.928950259,-0.675499227388716,-61.84800903957375,44.66,40.5,7790.123533285365,0.40787999999999996,0.94,29.02,22264448.4,6.20793323257698,14449.332697027829,498532.2077922078,0.0,50
10002.0,0.5,1,60,1.0,40,-128095.98782255023,-2561.9197564510046,-2251.838786672306,1950.9581608560522,3806237.74541083,-5464.451124045166,-7599.538802022075,-11017.963430659496,-1905680.7924618658,-1.3131597631625058,-57.288008865183464,44.72,37.0,4476.400894539378,0.40518999999999994,0.09588064579178981,43.7,18291621.6,2.4519006081420964,11469.438044651586,409025.52772808593,0.0,50
10002.0,0.5,1,60,1.0,60,-155427.03376859275,-3108.540675371855,-2323.616366855975,3583.949733106836,12844695.689436562,-9084.771945102384,-11192.02769285751,-15141.61742652976,-6425456.385393653,-0.8673505229874615,-60.64261949613451,51.26,42.5,7612.602014837231,0.40663999999999995,0.96,35.24,26111124.9,5.8377500280416825,22564.229462315212,509385.9715177526,0.0,50
10002.0,0.5,1,60,2.0,40,-118512.06295872136,-2370.2412591744273,-1760.5926949646382,2216.879395554414,4914554.254433704,-7358.33032073568,-9074.208484133802,-9991.266413349775,-2459647.368476026,-1.069179164155924,-47.215961338136,50.2,47.0,4359.372160257277,0.40454999999999997,0.0006976744186046512,47.4,20828085.6,3.1284956126111796,10718.399137225759,414902.1035856574,0.0,50
10002.0,0.5,1,60,2.0,60,-259803.49074049294,-5196.069814809859,-4869.887933117803,4060.8427547125716,16490443.878501588,-11727.000887716846,-17785.27291775266,-20381.18143248663,-8250418.009065604,-1.2795545478284247,-105.01353708184841,49.48,44.5,8825.256394264303,0.40553999999999996,0.6359311106463896,32.16,26525285.4,7.699948081920403,21240.357916533947,536080.9498787388,0.0,50
10002.0,0.5,2,20,0.5,40,-174306.08250659332,-3486.1216501318663,-2730.822850729921,4266.974493647616,18207071.32943933,-11821.333657957492,-14144.888488311824,-15456.945145989303,-9107021.786369797,-0.8170008176334196,-74.23598062461384,46.96,40.5,7319.681357727855,0.40494,0.92,17.56,11133209.0,7.44952420356643,17975.319683010515,237078.55621805793,0.0,50
10002.0,0.5,2,20,0.5,60,-75975.29496224294,-1519.505899244859,-1115.0959956613951,3293.04612231546,10844152.763696887,-6939.749235716637,-8965.369397537084,-10482.2331881664,-5423595.887747688,-0.4614286720575836,-25.693369956795046,59.14,59.5,6312.252538460202,0.40921,0.94,26.66,13696811.6,8.935291209032707,14607.513373221736,231599.79032803516,0.0,50
10002.0,0.5,2,20,1.0,40,-138334.80362801452,-2766.6960725602903,-2193.8461360162473,3861.9456241651624,14914624.004008446,-8492.718092591367,-11332.340827896609,-13127.207592707244,-7460078.698076784,-0.7163995410105369,-57.045279846603925,48.5,44.5,7014.21571215142,0.4041100000000001,0.92,18.7,11343205.0,7.645079914500437,14518.584792471956,233880.51546391752,0.0,50
10002.0,0.5,2,20,1.0,60,-96907.67298240564,-1938.1534596481129,-2273.454456149135,3840.986707624575,14753178.888148671,-8064.793137103052,-9094.896604741729,-9725.5666273518,-7378527.597533983,-0.50459780446526,-29.826923047831837,64.98,54.5,6387.275436440428,0.4108,0.92,30.5,14851024.0,9.504646120519348,12831.261356431001,228547.61465066174,0.0,50
10002.0,0.5,2,20,2.0,40,-107139.50434586586,-2142.7900869173172,-1752.9887279735995,3865.510356047904,14942170.312713595,-8657.517060193746,-10471.366480756396,-12764.447900270228,-7473227.946443715,-0.5543356218317186,-36.62889037465499,58.5,60.0,6385.048867922211,0.40356000000000003,0.94,23.12,13562709.2,8.932611958635105,13004.140331670118,231841.1829059829,0.0,50
10002.0,0.5,2,20,2.0,60,-146607.8640979,-2932.1572819579997,-3657.658605412813,4440.563483336127,19718604.049538277,-10306.491942331631,-12497.626308053577,-14231.012795740506,-9862234.182051096,-0.6603119835941303,-48.19456413474687,60.84,60.0,7593.586200032169,0.40824000000000005,0.94,28.98,13730770.0,9.89021234880621,20879.823051429732,225686.55489809334,0.0,50
10002.0,0.5,2,40,0.5,40,-98989.07591238787,-1979.7815182477573,-1222.4947337855701,3384.3801538346347,11454029.025669746,-7773.789818298834,-10510.78098843398,-14506.89962002472,-5728994.294353121,-0.5849761044142758,-55.30115972759099,35.8,35.5,6202.68108909243,0.40914,0.94,22.42,14140880.4,6.545236368919523,15896.280626812397,394996.65921787714,0.0,50
10002.0,0.5,2,40,0.5,60,-159656.37850527,-3193.1275701054,-1814.4172779690707,5391.273748888696,29065832.635456372,-13921.862303108228,-15948.762231466788,-17676.436003654147,-14536109.445298292,-0.592277023729876,-81.45733597207652,39.2,36.0,8228.876474367613,0.4073199999999999,0.92,20.38,15079966.8,7.758185667507815,20996.897919553565,384693.0306122449,0.0,50
10002.0,0.5,2,40,1.0,40,-106634.63495271007,-2132.6926990542015,-1768.6015902144718,3430.7612413458596,11770122.695120985,-7903.679930351791,-9883.472354981854,-11425.485012594727,-5887194.040259547,-0.6216383330181677,-58.270292323885286,36.6,34.0,5949.677906187928,0.40887999999999997,0.98,23.52,14446904.8,7.001558208874391,12500.673903952818,394724.174863388,0.0,50
10002.0,0.5,2,40,1.0,60,-111607.52048504387,-2232.1504097008774,-1372.5247196289129,5031.031015034127,25311273.07423532,-10108.425389937893,-13456.60417362776,-17803.765994675574,-12657868.68752736,-0.44367653529269524,-44.07879955965397,50.64,46.0,7596.696780252897,0.40852,0.96,27.66,19521890.8,9.409776895321231,18097.929869035725,385503.3728278041,0.0,50
10002.0,0.5,2,40,2.0,40,-117044.3653577237,-2340.887307154474,-1614.881493190478,3890.045093542232,15132450.829791991,-8952.770386905933,-10548.360487708977,-11345.293941223761,-7568566.30220315,-0.6017635402324568,-62.02669070361616,37.74,31.0,6202.6907354293635,0.40582999999999997,1.0,26.66,14905034.0,7.050697225653888,17891.115879080608,394939.95760466345,0.0,50
10002.0,0.5,2,40,2.0,60,-213749.10830244469,-4274.982166048893,-3045.6538283692207,5482.682127743426,30059803.313877176,-15612.269317211163,-17809.87894142687,-18273.624525030842,-15034176.639104636,-0.7797246067606002,-96.19671840794089,44.44,40.0,8422.76389705456,0.40489,0.98,25.42,17126362.2,8.677746875566276,19777.356503880656,385381.6876687669,0.0,50
10002.0,0.5,2,60,0.5,40,-57800.07177055749,-1156.00143541115,-222.802716791688,3802.5655164087752,14459504.506581135,-8811.212182186708,-11348.952853618035,-14271.012795740506,-7230908.254725979,-0.3040056589222422,-36.79189800799331,31.42,27.0,5310.954427187405,0.40884,0.96,26.18,14167759.4,10.826379144812854,14506.343895228812,450915.3214513049,0.0,50
10002.0,0.5,2,60,0.5,60,-129868.56981040898,-2597.3713962081797,-1778.0552118402557,4544.830728473687,20655486.350478657,-10146.807897550822,-11930.042276716753,-12378.771739145508,-10330340.546635536,-0.5715001396938487,-72.06912864062652,36.04,30.5,7685.823297990422,0.40773,0.96,22.4,17691537.6,7.157631048058883,14126.395163848181,490886.17092119873,0.0,50
10002.0,0.5,2,60,1.0,40,-101046.07516034105,-2020.921503206821,-1100.9683592568908,3675.2839053540497,13507711.784954516,-9050.330273001135,-11139.311033705832,-14431.856265743496,-6755876.813980465,-0.5498681340677518,-62.83959898031161,32.16,30.0,5681.335621151867,0.40827999999999987,0.96,27.82,14176817.2,10.531576673551001,15625.842379941023,440821.43034825876,0.0,50
10002.0,0.5,2,60,1.0,60,-121100.49008789263,-2422.0098017578525,-980.5071479172329,4564.577144646965,20835364.509433445,-11268.042199081141,-12281.33675863427,-12948.0519716579,-10420104.26451848,-0.5306098955075598,-68.03398319544529,35.6,33.0,8014.638517811649,0.40853,0.94,23.02,17748514.8,7.043397707508295,16205.360650502727,498553.78651685396,0.0,50
10002.0,0.5,2,60,2.0,40,-92026.96448087698,-1840.5392896175397,-1025.6178861642838,3074.303104723606,9451339.579713201,-7709.104941957211,-8510.964555985565,-9189.262436911697,-4727510.3291462185,-0.5986850440312762,-56.73672286120653,32.44,29.0,5390.322496745342,0.40785,0.8145522581092987,29.44,13910759.7,8.565427231641985,11963.373908840527,428815.03390875465,0.0,50
10002.0,0.5,2,60,2.0,60,-148222.9063359436,-2964.4581267188723,-2569.071249909757,4743.957068144006,22505128.664393473,-9325.583119660942,-14031.343064432303,-18223.624525030842,-11255528.790323455,-0.6248914322232771,-67.03885406419883,44.22,40.5,7600.8601177525625,0.40688,0.9,31.4,22855534.5,7.331155752800824,19848.01554339379,516859.66757123475,0.0,50
10002.0,1.0,1,20,0.5,40,-179151.0268721584,-3583.020537443168,-2720.111287115433,3837.802220807165,14728725.886032408,-11227.72408543598,-12691.052058652587,-13487.207592707244,-7367945.9635536475,-0.9336126072407803,-57.95892166682575,61.82,54.5,6504.136601808053,0.40421999999999997,0.98,23.78,14577917.0,7.413582505190999,14598.584792471956,235812.30993206083,0.0,50
10002.0,1.0,1,20,0.5,60,-133625.98113640962,-2672.5196227281926,-1480.4226716433768,4069.264053725289,16558909.938940775,-10674.065512905363,-13308.822194524304,-15135.189216981875,-8282127.489093116,-0.65675748426326,-33.108518616553425,80.72,72.5,6792.7416120562575,0.40767000000000003,0.94,37.82,18501711.2,9.044237428830053,15265.650569882011,229208.51337958375,0.0,50
10002.0,1.0,1,20,1.0,40,-123688.68238840695,-2473.7736477681387,-2200.78712313046,3146.6555228836028,9901440.979693878,-7219.548686168249,-8989.509610469026,-11505.485012594727,-4953194.263494708,-0.7861596637373196,-31.432956134283845,78.7,71.0,5846.217853885719,0.40385,0.96,31.76,18183594.4,8.561330917476685,12500.673903952818,231049.48411689958,0.0,50
10002.0,1.0,1,20,1.0,60,-100299.52279969459,-2005.9904559938918,-952.3827989335987,3748.3536819244955,14050155.32479692,-8252.849617171805,-11854.35741970785,-18945.400005092844,-7027083.652854454,-0.5351657357379981,-23.48384987115303,85.42,71.5,6783.272687839491,0.40863,0.96,41.2,19287904.4,9.529871788328569,19321.34592793451,225800.80074923905,0.0,50
10002.0,1.0,1,20,2.0,40,-155389.3616161442,-3107.787232322884,-2306.874926034594,3515.511476048223,12358820.938226754,-10167.526061859995,-12848.220655258008,-14291.012795740506,-6182518.2563457,-0.8840213589106116,-41.838815728633335,74.28,68.5,6551.088500162047,0.40409,0.96,32.62,16085295.6,8.341581118244665,14558.584792471956,216549.4830371567,0.0,50
10002.0,1.0,1,20,2.0,60,-187392.44203127548,-3747.8488406255096,-3134.381200364325,3739.481492286235,13983721.831151288,-11523.106343312382,-12726.223234853553,-13501.750796810258,-6995608.76441627,-1.0022375691270387,-59.698133810536945,62.78,53.0,7770.966169320175,0.40773,0.98,31.16,13322626.8,8.495729120184931,14969.999110403354,212211.32207709464,0.0,50
10002.0,1.0,1,40,0.5,40,-110376.2826542849,-2207.525653085698,-1983.226381995366,2864.484739280983,8205272.821573641,-6266.479812739219,-8654.97816755549,-12950.820698921452,-4104843.9364399062,-0.7706536616561067,-46.415594051423426,47.56,43.0,6070.6667203702145,0.40805,0.96,30.8,18841743.6,6.034903599524308,13966.388004196458,396167.8637510513,0.0,50
10002.0,1.0,1,40,0.5,60,-193561.37195757942,-3871.2274391515884,-2587.44980349415,4951.346890146818,24515836.02656656,-12460.358447586821,-14742.470983765554,-17624.576295595616,-12261789.240722433,-0.7818534077777,-65.83720134611545,58.8,55.0,8488.038405439907,0.40646,0.94,31.68,22575544.0,7.622759678975546,18038.505764385744,383937.8231292517,0.0,50
10002.0,1.0,1,40,1.0,40,-184597.1315546499,-3691.942631092998,-2974.2350971461856,3846.845547145562,14798220.663593635,-10307.630810627505,-13025.84967805449,-16221.771432936774,-7402802.27442791,-0.9597324836271462,-81.10594532278114,45.52,37.5,7096.9974668174145,0.40320999999999996,0.98,31.22,18018580.6,5.405008675479723,16590.619028592366,395838.7653778559,0.0,50
10002.0,1.0,1,40,1.0,60,-149580.49492032296,-2991.6098984064593,-1489.271854067163,4222.98167296607,17833574.210207302,-12310.830489941232,-13026.506349496776,-13656.176264761132,-8919778.715002058,-0.708411764502059,-51.05136345403514,58.6,50.0,7828.57730544454,0.40682,0.96,33.66,22630507.8,7.9256462336451134,20998.901246505673,386186.13993174065,0.0,50
10002.0,1.0,1,40,2.0,40,-137779.4111194107,-2755.588222388214,-2493.7569747662055,2688.2368961209945,7226617.6096662395,-7144.445887768723,-8926.039052666785,-10388.874904768076,-3616064.393055508,-1.0250540889321842,-41.61262794304159,66.22,59.0,5565.244466185059,0.40688,0.7249919051273528,46.24,26305336.8,7.390237769667695,11948.995942483773,397241.5705225008,0.0,50
10002.0,1.0,1,40,2.0,60,-166074.65465529892,-3321.4930931059785,-2077.7223889618763,4408.112731497679,19431457.853591934,-10438.044732799555,-14540.366766390158,-17769.576295595616,-9719050.419889074,-0.7534954969213616,-45.57482290211277,72.88,64.0,7678.8260598013585,0.40879000000000004,0.98,42.36,28249645.0,9.547966918914378,18003.47577036536,387618.61964873766,0.0,50
10002.0,1.0,1,60,0.5,40,-126386.33701639634,-2527.726740327927,-2150.606922266219,3140.0957980303965,9860201.620808152,-8605.109083445786,-9565.738135851376,-11121.583328201901,-4932628.537144404,-0.804983956831069,-72.7194114018391,34.76,35.0,5419.399856825862,0.40683,0.92,30.28,15265043.0,8.402569760468994,13467.366894626059,439155.4372842348,0.0,50
10002.0,1.0,1,60,0.5,60,-155658.58096515178,-3113.1716193030356,-2595.8246751991683,4284.549259675532,18357362.358586147,-11227.269904847857,-11872.54455556573,-12341.68243072112,-9181794.350912377,-0.7266042308352567,-66.06900720082844,47.12,43.0,7908.715373207808,0.40721,0.98,30.6,23467705.2,6.409815764184408,16250.360650502727,498041.2818336163,0.0,50
10002.0,1.0,1,60,1.0,40,-135088.67159195762,-2701.7734318391526,-1977.554243933002,2239.9745325009526,5017485.906252862,-7545.516275751186,-9330.183102248955,-9555.774024317623,-2511444.72655827,-1.2061625668669504,-59.98608862875561,45.04,42.0,4745.313891279569,0.40232,0.09679938661782017,44.04,18407647.2,2.4901372774989365,9912.794729526271,408695.54174067493,0.0,50
10002.0,1.0,1,60,1.0,60,-169437.51556024048,-3388.75031120481,-3245.677220888727,3410.9406935633147,11634516.415006185,-9892.39753181269,-11574.397258718769,-13557.726829374325,-5820646.957814298,-0.9934943511620201,-62.27031075348787,54.42,49.0,7451.905562541435,0.40686999999999995,0.94,37.44,27722539.5,6.027224196217588,15324.850385098835,509418.21940463065,0.0,50
10002.0,1.0,1,60,2.0,40,-161596.03813881485,-3231.920762776297,-2491.716847784759,2836.364454219502,8044963.317159895,-7526.251647570886,-11089.727919809404,-14331.012795740506,-4025713.579342724,-1.1394589147269873,-71.1250167864502,45.44,41.0,5016.618409606734,0.40286,0.0,42.34,19023747.6,2.9137164820873536,14506.343895228812,418656.41725352115,0.0,50
10002.0,1.0,1,60,2.0,60,-201739.2143991465,-4034.78428798293,-2926.7386851289775,3724.513410989995,13872000.148644328,-11081.095083582612,-13158.91357543141,-14497.309267155128,-6940034.858610147,-1.0833050771347283,-65.33005647640755,61.76,53.5,7525.158062315156,0.4072599999999999,0.6904720022437246,40.88,33153580.2,8.85950446785791,16003.792928684969,536813.1509067358,0.0,50
10002.0,1.0,2,20,0.5,40,-98261.05417483149,-1965.2210834966297,-870.2112954123295,4013.4707607368528,16107947.54728965,-8106.95671973555,-12699.542734757686,-15456.945145989303,-8055938.994728322,-0.48965626029260906,-33.697206507143854,58.32,55.5,6240.585089810306,0.40575999999999995,0.96,22.16,13834776.8,8.576685077047506,16943.135891482758,237221.8244170096,0.0,50
10002.0,1.0,2,20,0.5,60,-137494.66203922778,-2749.8932407845555,-1929.107355519256,4646.545201366643,21590382.308343377,-11201.068566619604,-14272.12890430699,-17024.716223362135,-10797941.047412474,-0.59181458946642,-44.410420555306125,61.92,56.5,7409.8214332662055,0.40771999999999997,0.92,28.26,14316890.4,9.210768906521302,18474.290887029754,231215.93023255814,0.0,50
10002.0,1.0,2,20,1.0,40,-73921.69419463241,-1478.433883892648,-453.22829527250724,4023.8590544603762,16191441.690162754,-9415.34986481733,-11001.674799516759,-12744.447900270228,-8097199.278965269,-0.36741691592141207,-24.03176014129792,61.52,48.5,6226.572743905983,0.40453000000000006,1.0,24.04,14393917.0,8.673550970378658,13004.447900270228,233971.34265279584,0.0,50
10002.0,1.0,2,20,1.0,60,-142796.39260794164,-2855.927852158833,-1581.167786307109,5149.253418407988,26514810.76698635,-14374.837836932746,-16495.26091256726,-17906.436003654147,-13260261.311345335,-0.5546295006473492,-51.08994368799344,55.9,53.0,7398.159062978785,0.40715,0.96,25.54,12832519.2,8.995929597620197,19740.082473694376,229562.06082289803,0.0,50
10002.0,1.0,2,20,2.0,40,-72419.0946436323,-1448.381892872646,-1626.0200446994277,3357.3455687398387,11271769.26793703,-7324.155655098194,-8012.283112849963,-8856.636887291097,-5637333.015861388,-0.4314068549743769,-24.22853618053941,59.78,48.0,5903.794284834326,0.40544,0.94,23.5,13908758.8,8.8364041663772,12443.955070679775,232665.75443292072,0.0,50
10002.0,1.0,2,20,2.0,60,-109131.21326254454,-2182.624265250891,-1891.4221730102436,3991.540431483724,15932395.016169276,-9749.819754071981,-11442.925019068643,-13350.821982678142,-7968380.132349889,-0.5468125157983242,-35.80420382629414,60.96,56.0,6971.178645686603,0.40826999999999997,0.96,28.88,13790771.2,10.132378572934597,14936.873400105862,226226.56167979,0.0,50
10002.0,1.0,2,40,0.5,40,-115037.05278006895,-2300.741055601379,-1946.0565737196885,3670.135295342216,13469893.086116694,-7853.140913945431,-9578.145903031264,-11496.217859655968,-6737247.284113948,-0.6268818096489881,-66.99886591733775,34.34,26.5,6426.775022860921,0.40857,0.94,21.48,13550704.8,6.996896979067621,12558.870549499086,394604.1001747233,0.0,50
10002.0,1.0,2,40,0.5,60,-161812.92947499314,-3236.258589499863,-1622.197133536276,5764.242490610292,33226491.490557145,-13394.061718681547,-15022.772262655859,-17299.576295595616,-16616482.003868073,-0.5614369268418234,-78.77942038704633,41.08,32.0,8354.10936650874,0.40818999999999994,0.94,21.26,15759101.2,7.98509981005248,17973.505764385744,383619.79552093474,0.0,50
10002.0,1.0,2,40,1.0,40,-118942.31702974314,-2378.846340594863,-2029.1037347174133,3458.851435319185,11963653.251609586,-8352.74415112391,-10700.09722183703,-13307.207592707244,-5984205.472145388,-0.6877561482702577,-72.65871535109538,32.74,29.0,6494.510554685599,0.40822,0.94,20.8,12924582.8,6.538581979999373,14594.896033856814,394764.2883323152,0.0,50
10002.0,1.0,2,40,1.0,60,-193697.07102045557,-3873.9414204091113,-3632.3225142034935,5069.71057660539,25701965.330544557,-10656.210578064183,-15597.537124367003,-18233.624525030842,-12854856.606692689,-0.7641346309363257,-94.76373337595673,40.88,40.0,8756.929010173466,0.4064,0.96,22.04,15756055.9,8.507252852977212,19777.356503880656,385422.11105675146,0.0,50
10002.0,1.0,2,40,2.0,40,-99686.33063944342,-1993.7266127888684,-1857.2451148055843,3178.9665650897505,10105828.421958527,-7426.907371126331,-8868.108350534458,-10015.017391316476,-5054907.937592052,-0.6271618691063374,-55.13624482270101,36.16,30.5,6343.090456501239,0.40708000000000005,0.9590909090909091,25.46,14290835.2,6.655617847458325,12009.880287536536,395211.1504424779,0.0,50
10002.0,1.0,2,40,2.0,60,-124496.3266062031,-2489.926532124062,-824.0211432289216,4746.077838994463,22525254.85379435,-11395.94612285638,-12505.859253573542,-14191.87585372536,-11265117.353429299,-0.5246282544432669,-49.91833464563075,49.88,42.0,7972.173027432387,0.40718000000000004,0.96,29.34,19287768.3,9.288463986014063,16199.219095358043,386683.40617481957,0.0,50
10002.0,1.0,2,60,0.5,40,-78163.92194499524,-1563.2784388999048,-575.9232853956928,3699.7117098565373,13687866.736049581,-8041.687035136425,-11149.488277869648,-15878.525873651844,-6845496.64646369,-0.4225406089708814,-56.15224277657704,27.84,27.0,5553.8147977104145,0.40974,0.94,23.18,12555516.4,10.344822106826404,17290.59965626744,450988.3764367816,0.0,50
10002.0,1.0,2,60,0.5,60,-31691.70579733135,-633.834115946627,-165.55863210652024,4072.662990633895,16586583.835279021,-7307.57948239058,-9024.252164389472,-10610.220853394596,-8293925.751755457,-0.1556313688130177,-15.436778274394227,41.06,38.0,7203.635420570021,0.41011,0.96,25.88,20238963.6,7.9527743684774554,13475.218753399211,492911.9240136386,0.0,50
10002.0,1.0,2,60,1.0,40,-145818.97903962008,-2916.3795807924016,-1958.325636357069,4102.035042943562,16826691.493536994,-11276.204397297086,-12687.453323166663,-14431.856265743496,-8416262.126349289,-0.7109592068962283,-96.1866616356333,30.32,27.0,6031.337737349273,0.4058400000000001,0.94,26.2,13358637.4,9.680699279599986,15625.842379941023,440588.3047493404,0.0,50
10002.0,1.0,2,60,1.0,60,-117321.62647211901,-2346.43252944238,-1628.2323461801861,4463.136130511307,19919584.119475443,-8859.286788534193,-12552.826843358887,-14350.272324569873,-9962138.492267163,-0.5257362672406413,-69.2980664336202,33.86,31.5,7408.710423928823,0.40853,0.92,21.72,16839393.0,6.679000573678288,15460.981647850596,497324.0696987596,0.0,50
10002.0,1.0,2,60,2.0,40,-101035.11814088322,-2020.7023628176644,-507.1892910626193,3974.0858353207946,15793358.226497376,-9255.427722755097,-13511.685332774146,-16248.525873651844,-7898699.815611506,-0.5084697328018436,-48.48134267796699,41.68,36.0,5303.752060227492,0.40579999999999994,0.8936316968177338,38.28,17733470.4,9.765055715585586,17274.371090785076,425467.1401151631,0.0,50
10002.0,1.0,2,60,2.0,60,-125759.83843616082,-2515.1967687232163,-1404.0070228673867,4643.552573900107,21562580.50657431,-10718.396729914914,-11971.149332638131,-12787.092906909646,-10783805.450055879,-0.5416535569899164,-57.503355480640515,43.74,39.5,7817.388956163965,0.4079899999999999,0.96,31.06,22597448.4,7.816425977743368,14057.560813582619,516631.1934156378,0.0,50
10002.0,2.0,1,20,0.5,40,-172050.93885354442,-3441.0187770708885,-2630.3070939012105,3572.013160885816,12759278.021541478,-8615.413505485358,-11777.452383332382,-16281.771432936774,-6383080.02954781,-0.9633275752591556,-55.77015846144065,61.7,52.5,6464.4447492407935,0.40422,0.98,23.96,14512874.4,7.207091599693686,16561.15365251538,235216.76499189626,0.0,50
10002.0,2.0,1,20,0.5,60,-113996.15425103891,-2279.923085020778,-1185.4339598084916,3397.8006124711114,11545049.00210906,-8711.24103010749,-10946.971717408625,-13581.750796810258,-5774804.424139551,-0.6709996686244613,-30.735010582647316,74.18,66.0,6381.0557585108245,0.40871,0.96,34.86,17045392.4,8.853692487845695,14057.10670490947,229784.20598544079,0.0,50
10002.0,2.0,1,20,1.0,40,-116039.87373065914,-2320.7974746131827,-1856.7741460720426,3235.624843297883,10469268.126566451,-7545.446527917188,-9142.518563363701,-10215.017391316476,-5236954.860757839,-0.7172640794311037,-29.12647432998472,79.68,71.5,6150.9099630553565,0.4045,0.94,32.2,18395649.6,8.36537206840994,11235.091410687019,230869.09638554216,0.0,50
10002.0,2.0,1,20,1.0,60,-189702.91691169766,-3794.0583382339532,-2855.4088208952453,4668.3487420084,21793479.977011412,-11415.046508783784,-14499.524586384961,-18945.400005092844,-10900534.04684394,-0.8127195605786884,-49.03151122039227,77.38,69.0,7684.3073754441575,0.40642,0.92,37.64,17453509.2,8.978520800271308,19321.34592793451,225555.81804083742,0.0,50
10002.0,2.0,1,20,2.0,40,-185328.6380602048,-3706.572761204096,-2700.4276934392983,4209.737830762372,17721892.60375188,-12259.626691747928,-14290.475627129083,-15896.945145989303,-8864652.874637144,-0.8804759132784202,-44.49667180317042,83.3,74.0,7060.630030213879,0.40334,0.96,36.74,18039535.2,8.429579511066917,16963.072927868052,216561.04681872748,0.0,50
10002.0,2.0,1,20,2.0,60,-131954.22933623387,-2639.084586724677,-2696.351201030484,3090.6255650816715,9551966.383536402,-8214.709568834176,-8520.795325241206,-8723.53489838622,-4778622.276354926,-0.8538998112681708,-30.126536378135587,87.6,80.5,6774.891634659616,0.40926,0.98,44.0,18709742.8,9.846412131107147,12679.112776311056,213581.5388127854,0.0,50
10002.0,2.0,1,40,0.5,40,-136292.6823814049,-2725.8536476280983,-2888.1285885078833,3226.861509740433,10412635.203044306,-6791.5287614467325,-9999.913794107657,-15896.945145989303,-5209043.455169781,-0.8447383438672953,-56.55298024124685,48.2,44.5,6157.601286916707,0.40759,1.0,31.3,19103832.0,6.067196052650156,17023.675199745456,396345.06224066386,0.0,50
10002.0,2.0,1,40,0.5,60,-174799.81551906618,-3495.9963103813234,-2725.2222202485427,4636.131931995844,21493719.290871516,-11766.57168192531,-16106.44233143089,-18448.624525030842,-10750355.64174614,-0.7540761051801109,-69.14549664520023,50.56,41.0,7257.106582453789,0.40614000000000006,0.98,27.1,19411848.4,7.27709863724093,19867.356503880656,383936.87499999994,0.0,50
10002.0,2.0,1,40,1.0,40,-179485.7343289439,-3589.7146865788777,-2701.3870148491114,3590.236215577694,12889796.083645644,-9917.21871646237,-11666.160496963304,-14223.661036476493,-6448487.756509401,-0.9998547368561563,-73.98422684622584,48.52,42.5,6572.738399543767,0.40355,0.96,33.32,19211808.8,5.47613890430555,14442.876597157563,395956.48804616655,0.0,50
10002.0,2.0,1,40,1.0,60,-194341.77010121767,-3886.8354020243532,-2870.4594962911797,4281.940624554882,18335015.512213446,-10135.533755212853,-13785.553932356028,-16190.559875337756,-9171394.591508748,-0.9077275335707139,-66.69243997982761,58.28,46.0,7745.686701160935,0.40503999999999996,0.96,33.32,22487433.4,7.742472483053472,16370.611136770982,385851.6369251887,0.0,50
10002.0,2.0,1,40,2.0,40,-158289.7875173747,-3165.795750347494,-2720.7781641452457,2851.275095595139,8129769.670761069,-8593.186229637979,-10486.91028299526,-11517.847413724056,-4068050.631130882,-1.1103087721129186,-62.763595367714004,50.44,48.5,6150.730443142962,0.40601,0.711160799589304,35.0,19995964.0,6.344879648379942,12803.034342947882,396430.6899286281,0.0,50
10002.0,2.0,1,40,2.0,60,-205263.63483857538,-4105.272696771508,-3216.5439519496285,3788.9395241680036,14356062.717802458,-11083.557696381555,-12882.845061900289,-13715.587502931943,-7182136.631598,-1.0834885778948617,-72.27592776006176,56.8,46.0,7959.592726301534,0.40588,1.0,32.48,21950343.2,8.421100502798,15295.90256066923,386449.7042253521,0.0,50
10002.0,2.0,1,60,0.5,40,-73590.59069072979,-1471.8118138145958,-581.385417200363,2829.2975276072657,8004924.499724586,-7194.058760698116,-8400.535084175915,-8980.261870856164,-4003934.0616761073,-0.5202039727008794,-38.05097760637528,38.68,32.0,4585.627732611762,0.40682,0.98,34.32,16844307.2,8.826455587916241,12736.18442739232,435478.4694932782,0.0,50
10002.0,2.0,1,60,0.5,60,-128804.5189831446,-2576.0903796628922,-2389.1704057476018,3629.8531486976276,13175833.881110081,-8654.36352639381,-9428.07238311146,-10419.072158528958,-6590493.030934704,-0.7096954819195566,-59.13889760474959,43.56,35.0,7469.719927113259,0.40808,0.98,28.42,21736327.5,6.095856435160354,15114.668308061315,498997.4173553719,0.0,50
10002.0,2.0,1,60,1.0,40,-150878.16473174526,-3017.563294634905,-2207.695138069801,2386.775184618358,5696695.781909997,-7044.513603194506,-8545.78099925888,-9478.138395138143,-2851365.454249633,-1.2642846775349499,-62.501310990780965,48.28,42.0,4580.821976884851,0.40317000000000003,0.10424407621776599,47.26,19719904.8,2.448394596771432,11215.091410687426,408448.7323943662,0.0,50
10002.0,2.0,1,60,1.0,60,-196550.61967161472,-3931.0123934322946,-2960.4481057284283,3941.9131810228346,15538679.526721563,-12162.57045528335,-13386.723433271205,-13739.4496769635,-7773270.775754214,-0.9972346454396774,-77.16946198335876,50.94,46.5,7701.27392792399,0.40413000000000004,0.98,34.98,25928161.5,6.04244660797854,16334.610417635064,508994.14016489993,0.0,50
10002.0,2.0,1,60,2.0,40,-176572.66981662536,-3531.453396332507,-3330.6100517651066,2754.0967024205643,7585048.646283827,-8615.015645906886,-11316.691758848532,-14331.012795740506,-3796055.776538246,-1.2822546838052,-79.53723865613755,44.4,42.0,5180.563096983662,0.40296000000000004,0.0,41.26,18651660.0,3.0584980984701042,14506.343895228812,420082.4324324324,0.0,50
10002.0,2.0,1,60,2.0,60,-212175.05400667829,-4243.501080133566,-3390.3359058257192,3386.462715181161,11468129.72131216,-10247.651068228739,-11896.464920065366,-13087.092906909646,-5738308.361736214,-1.2530777501577495,-72.16838571655724,58.8,51.5,7780.792301952511,0.40785000000000005,0.6597565330699569,38.46,31647297.0,8.371179139111053,15091.622153982986,538219.3367346938,0.0,50
10002.0,2.0,2,20,0.5,40,-122113.84366063139,-2442.276873212628,-1867.8119739280664,4114.650855591355,16930351.66341867,-9979.09537670383,-12058.622159511666,-14271.012795740506,-8467618.108582547,-0.5935562843426314,-49.801730693569084,49.04,46.0,6761.722178713951,0.40669000000000005,0.94,18.28,11674371.2,7.5737887985864605,17975.319683010515,238058.14029363784,0.0,50
10002.0,2.0,2,20,0.5,60,-142808.40577991848,-2856.1681155983697,-1815.9942183142412,4512.001144442233,20358154.327448025,-10764.171795447228,-13610.090516143246,-16227.60454255587,-10181933.331839612,-0.633015822506138,-49.517477732287965,57.68,47.5,7749.886289769805,0.40744,0.96,26.2,13238684.0,9.007611018185106,21073.97278767737,229519.48682385575,0.0,50
10002.0,2.0,2,20,1.0,40,-99094.0788429646,-1981.8815768592922,-1629.2854176820838,3618.7879093127494,13095625.932588141,-8015.754506739875,-10054.166370253233,-12744.447900270228,-6549794.84787093,-0.5476644739965231,-33.648244089291886,58.9,58.0,6167.867924907853,0.4059499999999999,0.88,22.9,13822799.2,8.42345076408857,13004.447900270228,234682.49915110355,0.0,50
10002.0,2.0,2,20,1.0,60,-129053.87594303756,-2581.0775188607513,-2240.6428878544248,4774.500232300954,22795852.468241863,-11265.759437210107,-12913.24655890131,-14251.012795740506,-11400507.311639791,-0.5405963751762817,-44.7637446906131,57.66,51.0,7642.403174586053,0.40847,0.94,26.52,13244653.2,9.16213447883387,14486.343895228405,229702.62226847035,0.0,50
10002.0,2.0,2,20,2.0,40,-101559.77281127754,-2031.1954562255507,-1677.467907598766,3831.561983004939,14680867.229608743,-8669.239365539881,-10076.77425976443,-11336.217859655968,-7342464.810260597,-0.5301220403674733,-33.15696141406384,61.26,48.0,6063.307222784061,0.40393,0.94,24.34,14190806.4,9.454230349822172,12797.66406140721,231648.81488736536,0.0,50
10002.0,2.0,2,20,2.0,60,-139542.52184297258,-2790.8504368594517,-2075.3182787304395,4317.431139713116,18640211.646164495,-11974.876825844509,-12867.083377619661,-13265.587502931943,-9322896.673519107,-0.6464145800005164,-42.765100166402874,65.26,59.5,7489.111602404035,0.40795000000000003,0.92,31.18,14786958.4,10.152808139156086,20879.823051429732,226585.32638676063,0.0,50
10002.0,2.0,2,40,0.5,40,-92414.19089116948,-1848.2838178233897,-1354.525464321836,3270.0368719391013,10693141.143841261,-8216.001419554825,-10422.076295360186,-11557.847413724056,-5348418.855738454,-0.565218035821966,-54.97572331419958,33.62,33.0,5989.9586889425245,0.41039999999999993,0.92,21.14,13266659.2,6.7988687603220335,12803.034342947882,394606.16299821535,0.0,50
10002.0,2.0,2,40,0.5,60,-101251.24785699835,-2025.024957139967,-573.8912149704411,5147.831807814586,26500172.321547583,-12311.34958625203,-14069.166708251461,-16414.009490884026,-13252111.18573093,-0.39337434336248434,-40.00444403674372,50.62,49.0,7681.778240802541,0.40801000000000004,0.96,26.42,19434963.0,9.285784667967665,18171.242516168204,383938.42354800476,0.0,50
10002.0,2.0,2,40,1.0,40,-73727.60108621628,-1474.5520217243256,-927.5330504737794,3387.869142714589,11477657.328157686,-7929.829460131552,-9538.109944129052,-10618.181463499437,-5740303.216100567,-0.43524468024239565,-41.443283353691,35.58,31.0,5770.02742303398,0.4093200000000001,0.94,22.8,14058860.0,6.656183463875116,12565.841882030945,395133.7830241709,0.0,50
10002.0,2.0,2,40,1.0,60,-162677.08730154735,-3253.541746030947,-1688.3011365937418,5345.575859352938,28575181.268096905,-12495.016353165516,-14476.247325606333,-17803.765994675574,-14290844.175794484,-0.6086419558217937,-72.429691585729,44.92,46.0,8708.775683423632,0.40784000000000004,0.96,24.04,17289467.7,8.332375455596493,20996.897919553565,384894.6504897595,0.0,50
10002.0,2.0,2,40,2.0,40,-117493.14200508932,-2349.8628401017863,-2249.8461482565035,3477.887143124676,12095698.98031192,-7558.160773089219,-11465.700533496216,-16061.771432936774,-6050199.3529960625,-0.6756581635337073,-54.244294554519534,43.32,41.0,6223.196642420824,0.40763,0.96,30.36,17151476.0,7.035482189209206,16561.15365251538,395925.11542012927,0.0,50
10002.0,2.0,2,40,2.0,60,-137058.70863526518,-2741.1741727053036,-1866.3232662195223,4768.19236063917,22735658.388057746,-11228.381254429405,-14961.93367712289,-18273.624525030842,-11370570.368201578,-0.5748874972689394,-58.47214532221211,46.88,42.0,8139.307513535996,0.40569000000000005,0.98,27.26,18105594.9,9.171234522943818,19777.356503880656,386211.4953071672,0.0,50
10002.0,2.0,2,60,0.5,40,-96693.7793410449,-1933.875586820898,-648.6544855043758,4136.075951162071,17107124.273781233,-8884.32531725673,-11630.71346487326,-14560.272324569873,-8555496.012477437,-0.46756288077279845,-57.96989169127392,33.36,32.0,5834.868728138881,0.40889,0.96,27.26,15141041.4,11.897053511156008,15431.739096466976,453868.14748201444,0.0,50
10002.0,2.0,2,60,0.5,60,-153977.64692944125,-3079.552938588825,-1935.5821386234602,4757.901585838542,22637627.500524912,-11062.934346516347,-14574.621499465275,-17249.576295595616,-11321893.303201044,-0.6472502390033003,-88.28993516596401,34.88,31.0,8186.820870151223,0.40690000000000004,0.96,21.8,17160447.0,7.053400273794751,18013.62574046728,491985.29243119265,0.0,50
10002.0,2.0,2,60,1.0,40,-95325.32790303591,-1906.5065580607181,-1258.1118044837494,3668.5779828883606,13458464.416533234,-9203.233229950507,-11181.076274490528,-14271.012795740506,-6731138.714824677,-0.5196854385957906,-52.60779685598008,36.24,31.0,5734.154405455374,0.4086,0.94,31.3,15991158.4,9.372238508711508,15707.302352538798,441257.1302428256,0.0,50
10002.0,2.0,2,60,1.0,60,-166227.459957115,-3324.5491991423,-3427.099734557618,4789.860208108542,22942760.813221604,-10797.036864986603,-11731.633257491709,-12637.092906909646,-11474704.955809943,-0.6940806317298412,-94.98711997549428,35.0,27.0,8542.854597002311,0.4055,0.9,22.58,17439552.6,6.557704959474235,15708.565765986801,498272.93142857146,0.0,50
10002.0,2.0,2,60,2.0,40,-101791.96759891557,-2035.8393519783112,-1455.4868469373614,3381.923381083528,11437405.755519442,-7239.543905230626,-11047.22863711477,-14271.012795740506,-5720738.717111699,-0.6019767814270974,-61.61741380079635,33.04,27.0,4926.29909177679,0.4068300000000001,0.8428326243515412,30.0,14183870.4,8.3628617415753,14506.343895228812,429293.8983050848,0.0,50
10002.0,2.0,2,60,2.0,60,-131770.93042502762,-2635.418608500552,-1340.0517116024857,4146.366789461132,17192357.552746214,-9964.7775129835,-11053.315334899506,-12687.249152769102,-8598814.194981607,-0.6355970762640657,-65.29778514619802,40.36,36.5,8173.127063122353,0.40778,0.96,28.52,20824168.2,7.538011980279812,16149.363681402872,515960.5599603568,0.0,50
10002.0,0.0,1,20,0.5,40,-190134.48728987947,-3802.6897457975892,-3048.507888247492,3836.0483384572703,14715266.854980784,-10606.757631017104,-12443.45834158264,-14766.89962002472,-7361436.11723619,-0.991303917542893,-60.57167482952515,62.78,55.0,6963.437631368965,0.40570000000000006,0.96,24.36,14706952.8,7.140758777618308,17958.24481488671,234261.75215036637,0.0,50
10002.0,0.0,1,20,0.5,60,-117992.30831753538,-2359.846166350708,-904.6742329867557,4003.9400685211963,16031536.072309522,-8934.502233055764,-12643.195063159956,-15135.189216981875,-8018127.882321112,-0.5893809912149103,-34.00354706557216,69.4,59.0,6897.986460452664,0.4090100000000001,0.96,32.34,15905200.8,8.35155557847473,15265.650569882011,229181.56772334295,0.0,50
10002.0,0.0,1,20,1.0,40,-212071.59759486315,-4241.431951897263,-3629.403668150073,3630.238369428375,13178630.618869986,-10483.300693621864,-12188.773491152911,-14143.661036476493,-6593556.74138689,-1.1683618319983655,-71.06957023956541,59.68,42.0,6932.953942419952,0.40104999999999996,0.98,23.82,13748688.0,7.263725453437076,14402.756621076027,230373.45844504022,0.0,50
10002.0,0.0,1,20,1.0,60,-153901.48877938552,-3078.0297755877104,-2738.245561681688,3845.9714435992855,14791496.344981171,-9078.172424674494,-11164.547865911349,-13436.399181360612,-7398826.202266173,-0.800325696830008,-38.009752723977655,80.98,66.5,6943.10262918282,0.40830999999999995,0.96,39.4,18331662.8,9.275204849055458,14584.119554611621,226372.71918992343,0.0,50
10002.0,0.0,1,20,2.0,40,-139744.83074184018,-2794.8966148368036,-2239.42520497262,2841.4939317979943,8074087.764444825,-7908.6703472683785,-9414.202804206367,-10281.67432552774,-4039838.7788372496,-0.9836011203681546,-38.95869270751051,71.74,64.0,6467.4942895451,0.40322,0.957887585812357,31.58,15485117.6,8.269672497406107,11622.251044501842,215850.5380540842,0.0,50
10002.0,0.0,1,20,2.0,60,-166971.11086484283,-3339.4222172968566,-2849.1881789325853,3640.7637597432713,13255160.754259959,-9974.75178353663,-10872.778009202486,-11996.936474586255,-6630919.799347276,-0.9172312288483719,-42.529574850953345,78.52,71.5,7020.198373836757,0.40816,0.9550496098675422,39.5,16743309.6,9.094597894180794,13394.049939766759,213236.24044829342,0.0,50
10002.0,0.0,1,40,0.5,40,-164670.49971093866,-3293.409994218773,-2737.8914905587444,3169.760921803961,10047384.301395498,-8205.816716194833,-9546.227672602787,-10898.181463499437,-5026985.560691968,-1.0390089585505402,-77.05685526950802,42.74,41.0,6443.781308183246,0.40643999999999997,1.0,27.54,16905395.6,6.112041865781983,12598.870549499086,395540.37435657467,0.0,50
10002.0,0.0,1,40,0.5,60,-182380.32043105204,-3647.606408621041,-3419.8643631984014,3997.7001761104575,15981606.698073585,-9608.219433636521,-11018.863586552869,-12788.771739145508,-7994450.9554454135,-0.9124262070521378,-71.52169428668708,51.0,42.0,8137.539720773006,0.40683,0.96,26.96,19576928.9,7.289617143264686,14660.148862369475,383861.35098039213,0.0,50
10002.0,0.0,1,40,1.0,40,-208842.19581053167,-4176.843916210633,-3553.8096608511987,3953.287648986378,15628483.235628242,-10927.249186512996,-14170.24213687901,-16221.771432936774,-7818418.461730331,-1.0565494563191016,-102.72611697517544,40.66,36.5,7053.027877471277,0.40466,0.94,27.66,16085262.0,5.264865821696707,18047.3835698521,395604.0826364978,0.0,50
10002.0,0.0,1,40,1.0,60,-193527.75190902536,-3870.5550381805074,-2827.7809903618763,4529.087328544147,20512632.02957916,-13591.624018837068,-13939.167265149998,-14491.87585372536,-10260186.56982776,-0.8545993392059021,-72.72745280309108,53.22,43.0,8236.522363610207,0.40537000000000006,0.94,30.42,20528084.6,7.576917576916233,20998.901246505673,385721.24389327323,0.0,50
10002.0,0.0,1,40,2.0,40,-176460.9003760025,-3529.2180075200504,-2766.7617130368017,3110.445278734978,9674869.832004715,-9060.251358288293,-10277.057351134214,-12185.293941223761,-4840964.134009877,-1.1346343340765195,-81.73270049838004,43.18,33.5,6698.353148889903,0.4056100000000001,0.7239770398540608,29.76,17091421.6,5.851716983265683,17975.319683010515,395818.00833719317,0.0,50
10002.0,0.0,1,40,2.0,60,-182434.97808100126,-3648.699561620025,-3096.657799036533,3949.4215506812893,15597930.5849858,-9799.618275312445,-14000.517764826733,-18746.436003654147,-7802613.99205452,-0.9238567002273251,-50.70455199583137,71.96,65.0,7327.320834597035,0.4053900000000001,1.0,41.46,27857537.0,9.424916135395899,19800.352127825725,387125.305725403,0.0,50
10002.0,0.0,1,60,0.5,40,-106783.35329930292,-2135.6670659860583,-1665.2641731926706,2840.4846003081925,8068352.764587993,-7018.262301919138,-8737.421803486475,-10200.020617964794,-4036312.0493599824,-0.7518671517365687,-68.45086749955315,31.2,26.0,5201.299212434296,0.40578,0.98,27.3,13705725.0,8.835034704065263,15747.716518183239,439286.0576923077,0.0,50
10002.0,0.0,1,60,0.5,60,-112452.56344674516,-2249.0512689349034,-1423.1833686978207,4149.878500986645,17221491.572951168,-10014.367914690247,-13006.390546597811,-14346.61742652976,-8612994.83774452,-0.5419559315771879,-48.28362535283176,46.58,42.5,7522.185835703854,0.40924999999999995,0.94,30.4,23254682.7,5.980203612360838,22452.375396091084,499241.79261485615,0.0,50
10002.0,0.0,1,60,1.0,40,-162039.66345690045,-3240.7932691380092,-2409.0052608582773,2789.482422067296,7781212.183022428,-9286.162312655686,-10049.822010393798,-10662.425593513995,-3893846.884780352,-1.1617901742270467,-74.466757103355,43.52,32.0,5141.755228121608,0.40337,0.12477809106515514,42.48,17823525.6,2.727292036667602,12149.281123274064,409547.92279411765,0.0,50
10002.0,0.0,1,60,1.0,60,-203978.70307933015,-4079.574061586603,-3275.5600711458246,4349.260653215345,18916068.22960717,-12239.294029395945,-13925.54693354317,-14526.856265743496,-9462113.688865172,-0.9379925433003642,-75.77217796408995,53.84,47.5,8347.361947060714,0.40283,0.94,37.12,27452455.2,6.088888353779257,15625.842379941023,509889.58395245165,0.0,50
10002.0,0.0,1,60,2.0,40,-152792.4228577444,-3055.848457154888,-2407.484033140703,2199.9302255854495,4839692.997444447,-7204.3236849099285,-8423.163977737751,-9615.774024317623,-2422902.3471793784,-1.3890660811027635,-67.90774349233084,45.0,42.0,5128.3003953104,0.40384,0.003,42.08,18799710.0,3.1486569656931986,11215.091410687426,417771.3333333333,0.0,50
10002.0,0.0,1,60,2.0,60,-201462.4811644368,-4029.2496232887356,-3344.5102726470213,3841.845928542805,14759780.138660926,-10150.835140028172,-12829.406383966756,-16608.525873651844,-7383919.318953752,-1.0487795966393592,-62.52715119939069,64.44,59.5,7744.3538956692455,0.40601,0.6888701778523983,42.9,34560875.4,8.563727797588843,17386.715986092924,536326.4338919926,0.0,50
10002.0,0.0,2,20,0.5,40,-130407.07099964732,-2608.1414199929463,-1458.9903367950465,4091.058578369599,16736760.291651487,-9547.67178492052,-11154.890938666495,-12784.447900270228,-8370988.287245736,-0.6375223844953415,-49.43406785430149,52.76,47.0,6444.743472883163,0.40598,0.96,20.04,12492513.6,7.946143862097327,13024.447900270228,236780.01516300227,0.0,50
10002.0,0.0,2,20,0.5,60,-133070.2877145203,-2661.405754290406,-2034.7747263467172,4072.2422487674135,16583156.93264628,-10127.653425523027,-12929.047176403032,-14529.290815408458,-8294239.872077431,-0.6535479943746734,-48.63680106524865,54.72,45.0,7613.468608829061,0.40884,0.92,24.82,12627543.0,8.945521643528853,16175.601587019977,230766.50219298247,0.0,50
10002.0,0.0,2,20,1.0,40,-124626.91879905015,-2492.538375981003,-2031.870489914494,3842.7209648114413,14766504.413401375,-9513.750944660744,-10045.988449191636,-10582.425593513995,-7385744.745076668,-0.6486389198708475,-44.894423198505095,55.52,47.0,6558.657275588953,0.40490000000000004,0.9,21.66,12986585.2,8.394980005185582,12817.66406140721,233908.23487031698,0.0,50
10002.0,0.0,2,20,1.0,60,-52946.90880604205,-1058.938176120841,-117.39796781860059,3153.257712218694,9943034.199666673,-7347.374009442685,-8413.975059275088,-9215.35257676721,-4972576.038009457,-0.33582354274982984,-17.218506928794163,61.5,54.0,6160.318685279857,0.41217,1.0,28.7,14076783.6,9.803653101010255,14587.513373221736,228890.79024390245,0.0,50
10002.0,0.0,2,20,2.0,40,-102135.56272739681,-2042.7112545479363,-1455.3967308179708,3980.9218202809516,15847738.539189005,-9084.635619931667,-10520.681842354164,-11225.485012594727,-7925911.980849051,-0.5131251872721428,-32.465213835790465,62.92,63.5,6351.810589439012,0.40332,0.94,25.02,14583916.6,9.491499353793678,12906.302019957016,231785.0699300699,0.0,50
10002.0,0.0,2,20,2.0,60,-108100.21108469623,-2162.0042216939246,-934.5328360373969,4755.235289183891,22612262.6554998,-10541.334788771876,-12973.895879171207,-14915.189216981875,-11308293.331971595,-0.45465767521769046,-33.47792229318558,64.58,54.0,7242.9351342402215,0.40824,0.98,30.9,14606926.0,10.15434656376471,15165.03543268182,226183.4314029111,0.0,50
10002.0,0.0,2,40,0.5,40,-95365.62315753868,-1907.3124631507735,-1321.5340352774365,3415.7148953571436,11667108.246364662,-9046.477474772308,-10274.434871143778,-10839.55974157073,-5835461.435645482,-0.5583933441701341,-54.96577703604534,34.7,28.5,6222.733921529475,0.40895000000000004,1.0,21.74,13688738.8,7.237254006262449,12837.66406140721,394488.1498559078,0.0,50
10002.0,0.0,2,40,0.5,60,-150367.94404303038,-3007.3588808606078,-1562.991811831249,4546.032645628102,20666412.815116443,-11131.115110183566,-13291.564345440673,-14259.290815408458,-10336213.766439082,-0.6615348184426499,-82.21320067962296,36.58,30.0,8139.863197047112,0.40765999999999997,0.96,18.66,14025794.8,7.616816461355247,16186.502205647412,383427.9606342264,0.0,50
10002.0,0.0,2,40,1.0,40,-150782.33009708504,-3015.6466019417007,-2133.9804117535823,4000.226143681684,16001809.200594436,-10403.753251412174,-12291.562117019823,-15416.945145989303,-8003920.24689916,-0.7538690298057598,-87.05677257337473,34.64,29.0,6751.761747413969,0.40614000000000006,0.96,22.22,13669766.2,6.3769393342314,16963.864090589457,394623.73556581984,0.0,50
10002.0,0.0,2,40,1.0,60,-158352.24942400493,-3167.0449884800987,-2002.796517268056,5405.2457007132925,29216681.085079536,-12902.020409228047,-15168.385623051241,-16399.009490884026,-14611507.587528247,-0.5859206341094874,-76.35113279845947,41.48,38.0,8338.544743927492,0.40796000000000004,0.96,22.12,15996153.0,8.327311516571076,20996.897919553565,385635.31822565093,0.0,50
10002.0,0.0,2,40,2.0,40,-144979.90589284472,-2899.5981178568945,-2182.0302835587063,3569.062480402486,12738206.989016747,-8785.3901375295,-11561.381167986585,-12784.447900270228,-6372003.092626231,-0.812425709490267,-74.92501596529442,38.7,35.0,6871.038576272276,0.40398,0.98,27.2,15287016.8,6.701777464865384,13804.653204939677,395013.35400516796,0.0,50
10002.0,0.0,2,40,2.0,60,-146048.2915067604,-2920.9658301352083,-1785.7513249243493,4365.820379186868,19060387.583323367,-11395.284633888357,-12711.47271448075,-13409.4496769635,-9533114.75749182,-0.6690531392586901,-71.80348648316638,40.68,38.0,7625.898468754799,0.40603,0.92,22.9,15698056.7,8.197286744596083,15098.50374372187,385891.2659783677,0.0,50
10002.0,0.0,2,60,0.5,40,-93691.79512851837,-1873.8359025703674,-1295.1627585847455,3724.863273451059,13874606.405904539,-8282.5421005406,-11587.553031250174,-15878.525873651844,-6939177.03885484,-0.503061660256262,-69.45277622573637,26.98,23.0,5682.446897660342,0.40868000000000004,0.92,22.24,12223417.4,10.113722573207784,17290.59965626744,453054.7590808006,0.0,50
10002.0,0.0,2,60,0.5,60,-170379.8908428105,-3407.59781685621,-3104.6533346204087,4439.379980664447,19708094.612724267,-10331.267473831696,-12230.447661633292,-13551.61742652976,-9857454.90417899,-0.767584174298462,-106.15569522916542,32.1,29.5,8186.31032027631,0.4089800000000001,0.92,20.1,15825145.2,6.977312947036484,22488.418320794124,492995.1775700934,0.0,50
10002.0,0.0,2,60,1.0,40,-139018.54574066476,-2780.3709148132953,-1535.727824183792,4284.623339751435,18357997.163542744,-10328.940716518444,-12698.342686999706,-14271.012795740506,-9181778.952686185,-0.648918398267873,-93.23846126134457,29.82,27.0,6283.265297123331,0.40537,0.96,25.88,13144638.4,8.812475509729245,14506.343895228812,440799.4097920859,0.0,50
10002.0,0.0,2,60,1.0,60,-122670.96168585471,-2453.4192337170944,-1636.2679357989691,5151.700641686584,26540019.50155396,-11057.88570645774,-13577.51976621504,-15950.559875337756,-13272463.170010697,-0.47623482115090593,-63.33038806703909,38.74,34.0,8258.924753380317,0.40806999999999993,0.96,25.04,19293804.6,7.316820332236668,22488.418320794124,498033.15952503873,0.0,50
10002.0,0.0,2,60,2.0,40,-113741.13392485678,-2274.8226784971357,-1455.4868469373614,4078.0336901301957,16630358.777836902,-10715.45437430782,-12191.037418076341,-14436.856265743496,-8317454.211596948,-0.5578234147506397,-59.990049538426575,37.92,30.0,5572.591766230045,0.40747,0.8557069741266587,34.54,16239184.8,8.40751130271735,15625.842379941023,428248.5443037975,0.0,50
10002.0,0.0,2,60,2.0,60,-104930.26238797873,-2098.6052477595745,-1631.0347321365844,3717.803192919232,13822060.581280438,-8432.286764189781,-10365.808730835173,-11543.526367188198,-6913128.895887978,-0.5644745401682163,-51.51215630239505,40.74,35.0,7182.206853430411,0.40672,0.94,28.74,20998203.0,7.3868389261759715,16265.899335507478,515419.80854197347,0.0,50
9998.0,1.0,1,20,0.5,40,-128906.56820858316,-2578.1313641716633,-1720.675484242849,3002.7909033576234,9016753.209287291,-7881.816716194834,-8851.042914923202,-10534.134920953773,-4510954.736007817,-0.8585783849578144,-45.972385238439074,56.08,51.0,6529.836133658811,0.40541,0.96,21.7,13129408.8,6.937711800093007,13276.21450994056,234119.272467903,0.0,50
9998.0,1.0,1,20,0.5,60,-192782.5464854692,-3855.6509297093844,-3424.5985259172157,3927.4087982482833,15424539.868558025,-11358.841790611856,-12594.182532786896,-14091.012795740506,-7716125.585208721,-0.9817289535604528,-61.04577152801432,63.16,59.0,7601.5775870286425,0.40513999999999994,0.92,29.26,14429136.0,7.965875245025258,14386.343895228405,228453.70487650414,0.0,50
9998.0,1.0,1,20,1.0,40,-148606.0589279621,-2972.121178559242,-1751.8399928264553,4237.635467033215,17957554.351457812,-10783.819082784792,-13564.697604946172,-16741.771432936774,-8981749.296907466,-0.7013631072517273,-44.66668437870817,66.54,55.5,6459.643859191186,0.40393000000000007,0.92,26.76,15269009.2,7.635285357595517,16818.337245393428,229471.13315299066,0.0,50
9998.0,1.0,1,20,1.0,60,-144638.3971137724,-2892.767942275448,-2380.4097189383465,3696.3138692897555,13662736.220303806,-9024.154130176,-11784.300773322388,-14296.176264761132,-6834260.878094179,-0.7826088488612329,-44.6414805906705,64.8,61.5,7109.163922641126,0.40687999999999996,0.94,31.14,14561138.4,8.702707500435643,21266.820675560564,224708.92592592593,0.0,50
9998.0,1.0,1,20,2.0,40,-140708.76101045206,-2814.175220209041,-2811.2345008156262,2741.875409164482,7517880.759380894,-7288.905067256512,-8951.969247712908,-10474.134920953773,-3761754.554910656,-1.0263687441091878,-42.61319231085768,66.04,54.5,6246.363336316672,0.4039,0.94,29.04,14165291.6,7.651852303909567,13198.816504365881,214495.6329497274,0.0,50
9998.0,1.0,1,20,2.0,60,-188580.43802110152,-3771.6087604220306,-2549.0474575406406,4565.275332916675,20841738.86533746,-12991.344766341954,-14379.69349707799,-15931.742191491765,-10424641.041429153,-0.8261514334583603,-50.707297128556476,74.38,66.5,7593.079958741037,0.40686000000000005,0.96,37.5,15892924.0,9.265833786413708,16845.90880175226,213672.00860446357,0.0,50
9998.0,1.0,1,40,0.5,40,-131578.32645088766,-2631.566529017753,-1698.8364888506476,3537.9131458607303,12516829.42765417,-8850.404952136432,-11291.95092279072,-12590.820698921452,-6261046.280356103,-0.7438188617196203,-60.66312883858352,43.38,37.5,6630.268710720581,0.40784,0.96,28.24,17156569.6,5.715896848918179,18249.127400679863,395494.91931765794,0.0,50
9998.0,1.0,1,40,0.5,60,-203056.93122520816,-4061.138624504163,-4225.118454190553,4242.62102089098,17999833.12690602,-11327.542002933007,-13423.29548393155,-16445.559875337756,-9003977.702077514,-0.9572239906665853,-84.64232231146651,47.98,39.0,8372.067485638638,0.40558,0.96,25.72,18416342.9,7.1362653275440024,16655.611136770982,383833.74114214256,0.0,50
9998.0,1.0,1,40,1.0,40,-129390.51960967242,-2587.8103921934485,-1570.0717349749757,3281.291682410014,10766875.105053138,-7941.357630702178,-10003.383433998368,-11601.500682980288,-5386025.3629187625,-0.7886560058238979,-43.13017320322414,60.0,56.5,6077.3442215535915,0.4052200000000001,1.0,41.46,23795240.0,6.256772666163535,12305.258494717622,396587.3333333333,0.0,50
9998.0,1.0,1,40,1.0,60,-164480.13713340624,-3289.602742668125,-3254.3960735154687,3919.989134169545,15366314.8120073,-10129.959496365982,-11845.039008054882,-14276.176264761132,-7686447.0087463185,-0.8391866992672653,-50.734157043000074,64.84,56.0,7695.283203387741,0.4069499999999999,0.96,37.58,25034045.2,8.311873879904304,21290.64863412641,386089.53115360887,0.0,50
9998.0,1.0,1,40,2.0,40,-148002.86460880825,-2960.057292176165,-1923.3929279741715,3304.5014065211108,10919729.545699999,-9774.469134440436,-10836.999392343723,-11298.181463499437,-5462824.830142176,-0.8957651784725784,-45.66580210083563,64.82,56.0,6281.490863412896,0.4075800000000001,0.7736021778042838,45.24,25722931.2,7.528057041918181,13115.694080795045,396836.33446467144,0.0,50
9998.0,1.0,1,40,2.0,60,-171662.93135871028,-3433.2586271742057,-2612.7095163618214,4574.3061714492915,20924276.950159077,-12437.438362262741,-14739.17539743307,-17479.576295595616,-10465571.733706713,-0.750552870422682,-50.4890974584442,68.0,63.5,7629.793544326772,0.40709,1.0,38.86,26330779.2,9.307382364074481,17742.936069921474,387217.34117647057,0.0,50
9998.0,1.0,1,60,0.5,40,-137610.87643032096,-2752.2175286064194,-1960.7241606976022,3213.352009674666,10325631.138080215,-7481.106870011708,-10234.882967046171,-13297.668651192216,-5165567.786568714,-0.8564942528298385,-81.71667246456114,33.68,28.0,5824.949144788593,0.4057,0.96,29.32,14806063.1,9.38309268583316,16664.076779804367,439609.94952494063,0.0,50
9998.0,1.0,1,60,0.5,60,-240405.44104070065,-4808.108820814013,-3515.9098107006284,5392.005186238462,29073719.92842247,-15603.040539570786,-17575.736770503496,-18268.624525030842,-14541668.07303205,-0.8917107188777251,-121.47824206200134,39.58,31.0,9158.016436979158,0.40335999999999994,0.92,25.58,19703065.8,5.554773424145252,19549.439969837433,497803.5826174836,0.0,50
9998.0,1.0,1,60,1.0,40,-129684.4284960485,-2593.6885699209697,-1756.4879219788127,2398.014944081719,5750475.672039249,-8069.2967277016605,-8956.5038484333,-9196.636887291097,-2877831.5245895456,-1.0815981678183824,-54.99763719086026,47.16,43.0,4563.20318017996,0.40402,0.061490702995245075,46.14,19256188.8,2.334050103729849,10660.608671251568,408316.13231552165,0.0,50
9998.0,1.0,1,60,1.0,60,-140439.49581257557,-2808.7899162515114,-1979.9246930700028,3413.9528211532934,11655073.86506053,-9980.651486150204,-10580.108535990546,-11231.583328201901,-5830345.722446517,-0.8227383515223359,-44.64065346871442,62.92,53.0,7159.095358293886,0.40518,0.98,43.48,32063568.6,6.8301186561339895,13963.276825155423,509592.6350921806,0.0,50
9998.0,1.0,1,60,2.0,40,-158196.94040201523,-3163.9388080403046,-2764.2867670017877,2477.2645437710244,6136839.619825062,-7533.246630572079,-9335.388236282024,-11897.847413724056,-3071583.7487205714,-1.2771905269441717,-82.05235498029835,38.56,37.0,5098.358343191678,0.40352000000000005,0.0018181818181818182,35.82,16152855.2,2.6115045520927156,12918.239703581552,418901.846473029,0.0,50
9998.0,1.0,1,60,2.0,60,-232346.00638021948,-4646.92012760439,-3189.47768084961,4205.460419328118,17685897.338535435,-11134.918179477489,-14185.276501895898,-17579.576295595616,-8847595.589395322,-1.1049729789980274,-88.31091082486488,52.62,50.5,8231.912135133896,0.40594,0.6691648774435887,34.32,28341450.0,8.241405114193162,17758.544835780514,538606.0433295325,0.0,50
9998.0,1.0,2,20,0.5,40,-83152.33608519111,-1663.0467217038222,-830.6383361574262,3169.252370251165,10044160.586342627,-7762.958222604706,-8338.199489797582,-8864.640167415026,-5023743.339893017,-0.5247441754130486,-26.659934621734884,62.38,46.5,5999.641963817787,0.40645000000000003,0.98,23.84,14775084.0,8.972274006373013,11445.376373456558,236856.1077268355,0.0,50
9998.0,1.0,2,20,0.5,60,-108762.95899043165,-2175.2591798086332,-982.1785402676906,4188.87170773004,17546646.18382118,-9663.653425523027,-12281.766613858208,-15255.189216981875,-8775498.351090398,-0.5192947723354584,-36.38774138187744,59.78,48.5,7170.363410847369,0.40806999999999993,0.94,27.4,13769248.8,9.156826948354158,15485.2404784151,230332.03077952494,0.0,50
9998.0,1.0,2,20,1.0,40,-99440.88002425013,-1988.8176004850027,-985.9512658102904,3548.3582892151335,12590846.548641749,-7878.3241609717315,-9098.658492893446,-10275.017391316476,-6297412.091921359,-0.5604895104672059,-36.7075969081765,54.18,51.5,6161.6183526566365,0.40574,0.98,20.96,12681492.8,8.292130503539898,11272.341445891885,234062.25175341457,0.0,50
9998.0,1.0,2,20,1.0,60,-101773.05856507918,-2035.4611713015836,-1766.8653403352364,3867.657867039852,14958777.376475258,-8561.732212687872,-9667.116245931209,-10272.448639633832,-7481424.149408931,-0.5262774633318114,-31.953864541626114,63.7,60.0,7199.925603096875,0.40828000000000003,0.98,29.86,14545062.4,9.904843067842883,14268.331699577626,228336.92935635793,0.0,50
9998.0,1.0,2,20,2.0,40,-139279.12121192756,-2785.582424238551,-1880.6514546747203,3984.1016913159456,15873066.286746578,-8786.754150386045,-10624.069110362287,-11797.847413724056,-7939318.7257975275,-0.6991745291817028,-64.51094081145324,43.18,37.5,6551.6802171280815,0.4002800000000001,0.96,16.82,9946013.6,7.712681240529938,12897.954960039584,230338.43446039833,0.0,50
9998.0,1.0,2,20,2.0,60,-174700.00847368874,-3494.000169473775,-2048.9155159494258,4761.145151338733,22668503.15211633,-12296.177749908524,-14895.109057825795,-18186.436003654147,-11337745.576227639,-0.7338570991666998,-67.52996075519472,51.74,48.5,7788.66277955052,0.40837999999999997,0.96,24.46,11691724.8,9.392150150400328,19511.530525181908,225970.71511403171,0.0,50
9998.0,1.0,2,40,0.5,40,-172552.27166882646,-3451.045433376529,-3212.6004389360896,3527.8481293837353,12445712.42399632,-9274.687886102052,-11013.114630832628,-13783.661036476493,-6226307.257431537,-0.978229591186625,-123.51630040717713,27.94,24.0,6655.373823796444,0.40747000000000005,0.92,17.26,10989777.6,6.075664994088648,14127.052342078416,393334.91768074443,0.0,50
9998.0,1.0,2,40,0.5,60,-122891.72143730475,-2457.834428746095,-1913.8766462149215,5249.979219313268,27562281.80322115,-10611.273598719377,-14082.724923547628,-17538.765994675574,-13783598.736039322,-0.46816079189493015,-53.71141671210872,45.76,43.0,7882.5880511350515,0.40834999999999994,0.94,23.8,17569508.4,8.290668737461004,17891.684711558337,383949.0472027972,0.0,50
9998.0,1.0,2,40,1.0,40,-74711.68864951769,-1494.2337729903538,-898.1822755676694,3495.4478437095504,12218155.628093746,-7165.043905457389,-9999.610924412884,-11776.217859655968,-6110572.047819863,-0.4274799224022087,-38.02121559771893,39.3,37.0,5820.4945113264475,0.40753999999999996,0.9,25.54,15548913.6,6.8198692254546245,12682.356548856595,395646.65648854966,0.0,50
9998.0,1.0,2,40,1.0,60,-107282.43381084422,-2145.6486762168843,-1640.2586815383984,4529.834729902728,20519402.68023292,-10659.175297175587,-13267.557158756614,-15073.525873651844,-10261846.988792676,-0.4736704105455267,-51.82726271055276,41.4,36.0,7379.555890734913,0.40753999999999996,0.96,22.08,15930884.0,8.324602281270321,16915.243572048406,384803.961352657,0.0,50
9998.0,1.0,2,40,2.0,40,-114351.71795992221,-2287.0343591984442,-1506.4419200331904,3961.540532175329,15693803.388067989,-9576.263327332394,-12898.91779194586,-15736.945145989303,-7849188.728393192,-0.5773093423184109,-61.512489488930726,37.18,37.5,6429.953423180364,0.4046699999999999,0.88,26.1,14693047.2,6.291563571579255,18174.99801233178,395186.85314685316,0.0,50
9998.0,1.0,2,40,2.0,60,-136726.72155030543,-2734.5344310061087,-2005.7988034956506,4682.0745346564245,21921821.94807817,-9407.580173715442,-14645.33542918379,-20842.214291170938,-10963645.508470092,-0.5840433360820445,-62.575158604258775,43.7,36.0,7967.846377250506,0.40680000000000005,0.92,25.4,16898684.9,8.519088335159916,21022.921556741814,386697.594965675,0.0,50
9998.0,1.0,2,60,0.5,40,-115040.5011246085,-2300.81002249217,-1647.5123395316477,3959.210574330822,15675348.371892996,-8214.987012564065,-12064.748451140631,-16701.771432936774,-7839974.99596899,-0.5811284798562317,-87.28414349363315,26.36,23.0,5697.287274902646,0.40722,0.9,21.68,11935636.8,9.814185670647372,16818.337245393428,452793.5053110774,0.0,50
9998.0,1.0,2,60,0.5,60,-158492.94647591386,-3169.8589295182774,-2711.816911456641,4592.226809575335,21088547.07058246,-10503.459939208202,-13587.135577598858,-16701.771432936774,-10547443.394220749,-0.6902661956739716,-92.3080643424076,34.34,26.5,8430.963470497705,0.40907000000000004,0.94,21.58,16928642.4,6.890831749182666,16818.337245393428,492971.53174140933,0.0,50
9998.0,1.0,2,60,1.0,40,-75799.8755257267,-1515.997510514534,-1033.9234059968148,3091.105466241225,9554933.003426379,-7976.375790152122,-9123.051622891411,-9947.195409766282,-4778982.4992237035,-0.49043862368031466,-40.2334795784112,37.68,33.0,5168.799744006131,0.40952,0.98,32.82,16538804.6,9.521037860821629,11172.280150228878,438927.93524416134,0.0,50
9998.0,1.0,2,60,1.0,60,-153295.83815312863,-3065.9167630625725,-2110.2420479948632,5342.234774285133,28539472.383581333,-12779.27385348099,-17118.893937080942,-19511.18143248663,-14272802.108553728,-0.5739015398237082,-98.2665629186722,31.2,26.0,8514.423807263456,0.40541,0.98,20.0,15500898.0,6.527908539893373,20905.211276980466,496823.6538461539,0.0,50
9998.0,1.0,2,60,2.0,40,-108650.7464373247,-2173.014928746494,-1531.8599496387178,3112.172713401688,9685618.998042023,-7635.389473666163,-8908.522421202797,-9478.548402522574,-4844982.513949757,-0.6982308274178758,-62.12163890070024,34.98,29.0,5437.726592564664,0.40492000000000006,0.8945437694735934,31.92,14954121.1,7.761891361741641,12303.822771405277,427504.89136649517,0.0,50
9998.0,1.0,2,60,2.0,60,-192504.52396270254,-3850.090479254051,-4266.003706133575,4525.865444112557,20483458.01821216,-12362.872910503489,-14224.835358665208,-14856.61742652976,-10245579.099585334,-0.8506860238767295,-94.18029548077423,40.88,40.0,8758.80566813553,0.4042899999999999,0.92,28.92,21091767.9,7.394246703339828,22742.935814775992,515943.4417808218,0.0,50
9998.0,2.0,1,20,0.5,40,-115836.4052567826,-2316.728105135652,-1996.9204825492925,2931.4145711686647,8593191.388059966,-7598.29591529062,-8496.975441752506,-9277.740431845654,-4298912.422135118,-0.7903106329348885,-37.621437238318485,61.58,41.5,6029.936687418485,0.40568,0.98,24.04,14435136.0,7.033378256923337,11352.341445891885,234412.73140630077,0.0,50
9998.0,2.0,1,20,0.5,60,-165118.72024965775,-3302.374404993155,-2123.0095680911327,4119.253342831579,16968248.10242914,-11221.532998567749,-12389.173037613742,-13036.399181360612,-8487426.425619563,-0.801692474375052,-44.51839316518138,74.18,67.5,7347.610386425177,0.40562,0.96,34.76,17034588.0,8.90436538157648,15259.17524903173,229638.55486654083,0.0,50
9998.0,2.0,1,20,1.0,40,-116478.84658963449,-2329.5769317926897,-1726.0824728627922,2813.04108969092,7913200.172289479,-7541.248062534886,-7790.65291491244,-7991.734374642023,-3958929.663076532,-0.8281346974735521,-35.221907042526304,66.14,56.0,5978.366620307542,0.40423000000000003,0.92,26.6,15219006.0,7.46944050050006,11303.176688942709,230102.90293317207,0.0,50
9998.0,2.0,1,20,1.0,60,-97162.00709567574,-1943.240141913515,-424.26570858078776,4465.836070239234,19943691.8062498,-11779.00059185311,-14704.501986394947,-15871.742191491765,-9973789.143266814,-0.43513467833336317,-19.918410638719916,97.56,89.5,6992.478163662552,0.4117699999999999,0.96,47.84,22049613.2,10.303037503358448,21266.820675560564,226010.79540795408,0.0,50
9998.0,2.0,1,20,2.0,40,-142329.73452060192,-2846.5946904120383,-1886.3822808375699,3461.0475174771577,11978849.918234797,-8225.462255350989,-11871.487441113839,-15896.945145989303,-5992271.553807811,-0.822466226203727,-40.17209554631722,70.86,60.0,6531.618618970567,0.40468000000000004,1.0,31.18,15244936.0,7.819272433741779,16724.169021584443,215141.63138583122,0.0,50
9998.0,2.0,1,20,2.0,60,-131012.85481357214,-2620.2570962714426,-1617.6773250176338,3800.3878954900856,14442948.15618756,-9457.018664796115,-10387.214813079141,-11117.957942708977,-7224094.335190051,-0.6894709614721719,-28.156641911363018,93.06,80.5,6832.262164793497,0.40993,0.94,47.56,19680092.0,9.902691205130312,15403.210235100996,211477.45540511498,0.0,50
9998.0,2.0,1,40,0.5,40,-163201.8315149385,-3264.03663029877,-3001.8624883105513,3527.3698711324027,12442338.207772624,-9546.466987691429,-10909.237714480143,-11174.514288624516,-6224433.140516611,-0.925345724872901,-82.38355957341672,39.62,33.5,6622.3466515682485,0.40499,0.96,25.7,15652909.6,5.116679503178161,12779.334039561974,395075.9616355376,0.0,50
9998.0,2.0,1,40,0.5,60,-113215.38725999132,-2264.3077451998265,-1307.7912740272004,3841.569566177044,14757656.731777683,-10116.714002426888,-12472.505942555223,-13996.176264761132,-7381092.673634041,-0.5894225540350095,-36.841974376827636,61.46,53.0,7039.316829357145,0.40919000000000005,1.0,33.26,23575335.0,8.042643312049504,21290.64863412641,383588.2687927107,0.0,50
9998.0,2.0,1,40,1.0,40,-153631.52693618444,-3072.630538723689,-2497.7392248351243,3816.704253327429,14567231.357367685,-9367.422282811336,-12957.411660676318,-14666.89962002472,-7286688.309222566,-0.805048108205959,-60.10623119569032,51.12,44.5,6055.423056686272,0.40647999999999995,0.94,35.18,20245934.0,5.612802895938792,15637.230244441482,396047.22222222225,0.0,50
9998.0,2.0,1,40,1.0,60,-186623.1947955751,-3732.4638959115023,-2417.1358906904934,4542.994904411761,20638802.701511227,-12823.579699313234,-13642.68595959378,-14276.176264761132,-10323133.814651525,-0.8215866349059816,-72.81435614341596,51.26,41.0,8437.359110748484,0.40525,0.96,29.06,19731092.4,7.205871883232955,21290.64863412641,384921.8181818182,0.0,50
9998.0,2.0,1,40,2.0,40,-174974.92862494802,-3499.4985724989606,-2749.8624252486625,3520.5746482486725,12394445.853891263,-11065.34475123628,-11520.280300160559,-12176.217859655968,-6200722.42551813,-0.994013455797283,-66.1280909391338,52.92,43.0,6576.332375009815,0.40491999999999995,0.7718441991065936,36.5,20979791.2,6.751470792010117,12642.356548856595,396443.52229780797,0.0,50
9998.0,2.0,1,40,2.0,60,-174990.60400132043,-3499.8120800264087,-1890.6587748750462,4933.957912019764,24343940.677582428,-12174.880091713485,-14827.916474610995,-18263.624525030842,-12175470.15087124,-0.7093315635100375,-57.18647189585635,61.2,50.0,8075.504998396942,0.40742999999999996,0.96,34.94,23713242.6,8.54298738815205,19505.019747978542,387471.2843137255,0.0,50
9998.0,2.0,1,60,0.5,40,-79529.04720100021,-1590.5809440200042,-780.9280541267653,3239.272294612228,10492884.99864237,-6803.620934701344,-10783.84683831424,-15331.61742652976,-5248033.080265205,-0.4910303300729218,-42.89592621413172,37.08,30.0,5033.323679686201,0.40783,0.98,32.34,16302731.7,9.063492027391868,22841.312413498526,439663.74595469254,0.0,50
9998.0,2.0,1,60,0.5,60,-175939.4361953793,-3518.788723907586,-3327.559678284684,4424.433113910658,19575608.379469164,-10621.111563911143,-14404.652498055948,-19886.18143248663,-9791322.97845849,-0.7953083781159506,-73.0342200894061,48.18,45.5,8020.611226286362,0.40613999999999995,0.96,31.46,24028197.6,6.229935244508003,20947.351293919375,498717.26027397264,0.0,50
9998.0,2.0,1,60,1.0,40,-114109.94139301026,-2282.1988278602053,-1198.425303756987,2188.042034490062,4787527.944695411,-6717.926407278804,-7798.375821572768,-8858.99419206113,-2396046.171175566,-1.0430324426518816,-46.34847335215689,49.24,45.0,4489.025015150933,0.40442999999999996,0.06878789877775521,48.24,20088020.0,2.1185182752836633,10660.608671251568,407961.41348497156,0.0,50
9998.0,2.0,1,60,1.0,60,-204246.04337174474,-4084.9208674348947,-2544.9602193481987,4557.925044163951,20774680.708216954,-12111.221451273606,-15197.778524601521,-17299.009490884026,-10391425.274975913,-0.896223792153933,-75.64668273027583,54.0,38.5,8014.652172335543,0.40596,0.98,37.26,27519479.1,6.242366304936777,18049.188001877395,509619.98333333334,0.0,50
9998.0,2.0,1,60,2.0,40,-136568.6288511071,-2731.3725770221417,-1825.2495672688237,2493.71505218416,6218614.761489848,-6790.681297952268,-9498.411915124763,-11897.847413724056,-3112038.753321946,-1.0953025986785179,-62.47421264917982,43.72,39.0,4761.236212189498,0.4036,0.0,40.76,18292447.6,3.1604963540166033,12918.239703581552,418399.9908508692,0.0,50
9998.0,2.0,1,60,2.0,60,-206490.4964596642,-4129.809929193284,-3191.1097555859596,3653.9927138868184,13351662.753137957,-10960.40988831335,-12422.638693285407,-14091.012795740506,-6679961.186498172,-1.1302184357119858,-78.66304627034826,52.5,50.0,8059.367517944246,0.40629000000000004,0.6914247062787068,33.62,28092353.4,8.071424778424804,14506.343895228812,535092.4457142857,0.0,50
9998.0,2.0,2,20,0.5,40,-140099.67248959257,-2801.9934497918516,-2077.5752716771676,3629.620965625993,13174148.354111766,-9396.764193821336,-11658.372732938655,-13227.207592707244,-6589876.1705056755,-0.7719796299192431,-52.68885764933907,53.18,46.5,6649.289118777508,0.40757999999999994,0.96,20.1,12597510.4,7.903346016854748,14439.350401501986,236884.36254230916,0.0,50
9998.0,2.0,2,20,0.5,60,-149214.93667909008,-2984.2987335818016,-2092.2817269044463,4787.174851571922,22917043.05952265,-11582.729232615262,-14224.474049862125,-15451.742191491765,-11461505.828494908,-0.6233945544314619,-58.26432513826243,51.22,46.0,7521.2706624008315,0.40730000000000005,0.94,23.3,11791718.8,8.661453688101174,16845.90880175226,230217.07926591177,0.0,50
9998.0,2.0,2,20,1.0,40,-131642.85427963233,-2632.8570855926464,-2866.994236060418,3774.1257942840043,14244025.511079866,-7855.011464109348,-10449.037923740922,-14446.89962002472,-7124645.612625526,-0.6976071358245314,-49.80811739675835,52.86,48.0,6484.189656105566,0.40326999999999996,0.98,20.56,12313536.8,8.129626665732792,15568.822015724378,232946.21263715476,0.0,50
9998.0,2.0,2,20,1.0,60,-125058.79964603198,-2501.1759929206396,-1660.069186275883,4611.776758036975,21268484.86597003,-9380.993113695014,-12804.681075159073,-16681.771432936774,-10636743.608977936,-0.5423454178611922,-39.351415873515414,63.56,58.5,7158.15674749578,0.40885999999999995,0.98,29.62,14515157.2,9.673063397982027,16818.337245393428,228369.37067337945,0.0,50
9998.0,2.0,2,20,2.0,40,-141166.394442242,-2823.32788884484,-2823.5218637707876,4170.855100216353,17396032.26700077,-10441.1185722931,-12234.22574041714,-14426.89962002472,-8700839.461389229,-0.6769182388277428,-55.68694060837948,50.7,51.0,7046.529751331674,0.40327999999999997,0.94,19.94,11701734.8,8.556788447018766,15568.822015724378,230803.4477317554,0.0,50
9998.0,2.0,2,20,2.0,60,-91654.14935415634,-1833.0829870831267,-1661.811851119157,3684.293333915262,13574017.370332437,-8921.489921085793,-10006.751810578164,-10802.425593513995,-6788841.768153301,-0.49753991361340116,-30.40947224756348,60.28,50.0,6795.2482617109645,0.41128,0.9,28.76,13597352.4,9.612215388840813,13185.771748364452,225569.8805573988,0.0,50
9998.0,2.0,2,40,0.5,40,-73793.30680841213,-1475.8661361682427,-946.1480339797563,3091.596024611102,9557965.97939117,-7438.525642821519,-8705.174545973734,-9386.821093750536,-4780458.855831753,-0.47738000839013806,-40.28018930590182,36.64,33.0,5888.002766531355,0.40871999999999997,0.98,23.06,14457064.8,6.9221039313045,13190.87595476769,394570.5458515284,0.0,50
9998.0,2.0,2,40,0.5,60,-95525.97964966216,-1910.5195929932431,-1679.5227562189102,4245.256002887267,18022198.530050375,-9972.142354024882,-12000.236317018163,-13553.031991892494,-9013009.78461818,-0.45003636805257863,-48.051297610494046,39.76,30.0,7674.560522262601,0.40836000000000006,0.96,20.36,15236011.4,7.767951223844331,14567.440553351073,383199.48189134814,0.0,50
9998.0,2.0,2,40,1.0,40,-133011.03153900773,-2660.220630780155,-2236.6041098519927,4090.122196581191,16729099.582966149,-8788.487035195192,-12526.816688229292,-15656.945145989303,-8367210.012113854,-0.6504012601391475,-78.93829764926275,33.7,28.5,6765.048387486267,0.40656,0.98,21.56,13281356.8,6.080171650123624,16724.169021584443,394105.5430267062,0.0,50
9998.0,2.0,2,40,1.0,60,-79483.14722771116,-1589.6629445542233,-1072.7550823815982,4496.2155446687575,20215954.224120975,-10026.865325253153,-12129.762732461366,-12506.399181360612,-10109566.77500504,-0.35355576901529134,-34.171602419480294,46.52,39.0,7052.920963476442,0.40963,0.94,25.02,17908441.3,8.617709558439067,14144.883648543619,384962.1947549441,0.0,50
9998.0,2.0,2,40,2.0,40,-137237.82885577285,-2744.756577115457,-2814.8691212251433,3708.0722600344902,13749799.885637293,-8798.996719830751,-10129.433086331352,-12150.820698921452,-6877644.699395762,-0.7402111891663046,-72.7280492081467,37.74,33.0,6450.222070401637,0.40660000000000013,0.96,26.46,14901010.4,6.454761613837071,13606.853697767365,394833.34393216745,0.0,50
9998.0,2.0,2,40,2.0,60,-131945.65409785532,-2638.9130819571064,-2236.7261524782516,4935.631979388235,24360463.03595983,-11444.680001782917,-15014.547046598474,-18093.624525030842,-12182870.431061871,-0.5346656908329015,-55.8618349271191,47.24,45.0,8023.493826540564,0.40592,0.98,27.5,18264350.0,9.171116165210929,19500.52778742113,386628.9161727349,0.0,50
9998.0,2.0,2,60,0.5,40,-104701.5342377086,-2094.030684754172,-937.0274962935073,3494.2306154142666,12209647.593698366,-8658.019689451268,-9244.249704161542,-10197.963430659496,-6106917.827533937,-0.5992823357210812,-72.40770002607786,28.92,26.0,5443.1218791124875,0.40785,0.96,23.88,13070410.0,10.789280090527011,12520.519450290827,451950.55325034575,0.0,50
9998.0,2.0,2,60,0.5,60,-155331.09564773377,-3106.6219129546753,-3431.202132995415,4078.579753808616,16634812.80817755,-9108.016730372608,-10757.330162231927,-13551.856265743496,-8320513.026001729,-0.7616920841263239,-110.32038043162909,28.16,24.0,8025.752104704323,0.40696,0.96,17.58,13872282.0,6.5446847603876925,15259.365275516117,492623.6505681818,0.0,50
9998.0,2.0,2,60,1.0,40,-84176.91786466801,-1683.5383572933601,-902.3612823837902,3695.1949577921378,13654465.776092438,-7184.323108671099,-10620.004694061432,-16701.771432936774,-6828916.426403512,-0.4556020390054903,-58.05304680321932,29.0,25.0,5579.266161275592,0.40695,0.88,25.18,12784514.8,8.447737326663924,16818.337245393428,440845.3379310345,0.0,50
9998.0,2.0,2,60,1.0,60,-158332.56454254244,-3166.651290850849,-2520.6287058331654,4475.862833366967,20033348.103115775,-11171.289536021912,-13989.152296320302,-16701.771432936774,-10019840.702848738,-0.7074951598702207,-83.7295423281557,37.82,35.5,8522.232970537063,0.40665999999999997,0.94,24.56,18869307.6,6.82859042145326,16818.337245393428,498924.0507667901,0.0,50
9998.0,2.0,2,60,2.0,40,-98951.9063694728,-1979.038127389456,-1382.1559660930943,2944.094590710954,8667692.9590535,-7025.54483617834,-8314.445479535809,-8956.714496697416,-4335825.51765414,-0.6722060268148097,-53.778209983409134,36.8,28.0,4854.000574866317,0.4049400000000001,0.87869379070016,33.34,15805910.5,8.232197360537391,10623.927684979979,429508.43750000006,0.0,50
9998.0,2.0,2,60,2.0,60,-165674.95756162913,-3313.4991512325823,-2475.611723338894,4831.606535615196,23344421.714999475,-13334.57070957598,-13551.34425736044,-13632.726829374325,-11675524.356650969,-0.6857965620352398,-81.4127555585401,40.7,31.0,8106.923300581494,0.40502000000000005,0.92,28.66,20962917.6,7.134598986603244,15504.90574865829,515059.4004914005,0.0,50
10000.0,0.5,1,10,0.5,40,-175259.3484574054,-3505.186969148108,-3014.1725249817246,3829.34715912238,14663899.665078642,-10650.081117626407,-12291.822895050087,-13935.587502931943,-7335455.019508469,-0.9153484454385484,-30.68265904366341,114.24,98.0,7405.65259782437,0.40597,0.94,33.4,15482020.6,11.299966800909843,15139.542389474576,135521.88900560225,0.0,50
10000.0,0.5,1,10,0.5,60,-183341.53392938743,-3666.8306785877485,-2913.6416580691002,4338.202714244843,18820002.789881323,-11678.901625140454,-14346.93500694163,-18616.436003654147,-9413668.225619249,-0.8452418939637294,-36.44960913109094,100.6,90.0,7409.780936601185,0.40624000000000005,0.94,33.88,12658020.8,9.849795889747877,19714.603504986386,125825.25646123262,0.0,50
10000.0,0.5,1,10,1.0,40,-182969.8195238826,-3659.396390477652,-2965.372649758996,4025.9570366761586,16208330.061162278,-10906.915425994423,-13040.327887507272,-17084.716223362135,-8107824.426971616,-0.9089506810777969,-34.49006965577429,106.1,94.5,7403.642481455973,0.40521000000000007,0.98,32.36,14078046.6,11.100424622267587,18344.290887029754,132686.58435438265,0.0,50
10000.0,0.5,1,10,1.0,60,-140214.26714021392,-2804.2853428042786,-1580.8098474997678,3363.6699608171816,11314275.605303861,-7844.705518659071,-10814.730416730783,-13845.587502931943,-5659942.087994735,-0.8336981259963335,-24.573127784825434,114.12,104.5,7075.767452218079,0.40645,0.98,40.66,14007992.6,11.338064797760815,14562.049848561233,122747.91973361373,0.0,50
10000.0,0.5,1,10,2.0,40,-161755.04444743815,-3235.100888948763,-2378.666843372048,4239.185507994239,17970693.77118837,-12226.602110073534,-12734.930977639082,-13064.447900270228,-8988581.986483134,-0.7631420901131265,-25.42518774716098,127.24,122.5,7051.599931038578,0.40778,0.96,44.14,15938030.0,11.723363295218094,13211.750091939582,125259.58817981767,0.0,50
10000.0,0.5,1,10,2.0,60,-196434.10850317986,-3928.6821700635974,-2623.8104252205812,4163.753046424726,17336839.431611184,-10891.56855532523,-14611.494436024377,-16519.514928363962,-8672348.397975655,-0.9435435114087951,-35.56655956965053,110.46,95.5,7895.250898287697,0.40568000000000004,0.9,43.0,12793999.8,10.286145260639158,16804.067877766414,115824.73112438893,0.0,50
10000.0,0.5,2,10,0.5,40,-154715.23507536447,-3094.3047015072893,-2553.622982740402,4032.1365313272436,16258125.007263696,-10737.915425994423,-12415.034099695622,-13311.750796810258,-8132156.808333355,-0.767410695909144,-36.81066739837365,84.06,76.5,7452.456540127971,0.40545999999999993,0.98,22.94,11564000.2,11.184186917442437,14113.617335065152,137568.40590054722,0.0,50
10000.0,0.5,2,10,0.5,60,-161225.34429749867,-3224.5068859499734,-3007.668204317859,4175.3274611351335,17433359.40770916,-11092.046508783784,-13051.10265149021,-15361.742191491765,-8719904.210740529,-0.7722764060935627,-37.476835029637066,86.04,74.0,7332.1890337609175,0.40613,0.92,28.3,10880050.8,10.587418678914172,16845.90880175226,126453.40306834031,0.0,50
10000.0,0.5,2,10,1.0,40,-130527.77221614984,-2610.5554443229967,-2272.5268477499485,4232.576859842342,17914706.87447286,-9219.350804603106,-12359.022548877596,-14131.012795740506,-8959963.992680753,-0.6167768550385212,-30.726876698717007,84.96,76.5,7336.469631836583,0.40831999999999996,0.96,24.16,11508034.6,11.054896671076577,14553.433646037825,135452.38465160076,0.0,50
10000.0,0.5,2,10,1.0,60,-113745.2386913218,-2274.904773826436,-1610.0794805421028,4581.737068071839,20992314.56094353,-10204.585412099754,-10691.672087597894,-10957.363837153302,-10498432.18524559,-0.4965157843034633,-21.25284728911095,107.04,91.0,7431.931711848286,0.40842,0.94,36.58,13413961.2,11.249253725435004,15229.17222857743,125317.27578475335,0.0,50
10000.0,0.5,2,10,2.0,40,-107699.02679268617,-2153.9805358537233,-1400.08435703523,3757.396758216354,14118030.398654766,-8392.10403298604,-11191.701450178594,-14469.290815408458,-7061169.179863237,-0.5732640640472714,-23.65971590348993,91.04,90.5,6757.219792610032,0.40705999999999987,0.88,27.28,12084099.8,12.003029852492514,15921.555947141605,132733.96089630932,0.0,50
10000.0,0.5,2,10,2.0,60,-88438.77873516409,-1768.7755747032818,-1500.3400307359407,3799.2188196579696,14434063.639643295,-7415.397772942093,-8685.650971977622,-10402.2331881664,-7218800.595396351,-0.46556296403639447,-17.40578207737927,101.62,87.0,6528.215149226195,0.4076700000000001,0.98,35.62,12535054.0,12.240421027615604,12184.786551952013,123352.23381224168,0.0,50
10000.0,1.0,1,10,0.5,40,-197594.89884760315,-3951.897976952063,-3132.44980349415,4475.743009870458,20032275.49040427,-12478.265817191963,-15107.871914071962,-16377.60454255587,-10020089.643179087,-0.8829590904205109,-38.48001924977666,102.7,98.5,7698.684030617655,0.40663000000000005,0.94,30.34,13819997.0,10.806367294800047,16686.549391255365,134566.6699123661,0.0,50
10000.0,1.0,1,10,0.5,60,-147025.67730345178,-2940.513546069036,-2283.5858496133005,3545.7438880600307,12572299.719715064,-8396.334030671254,-11185.905948350477,-16377.60454255587,-6289090.373403601,-0.8293079361907998,-30.103537531419285,97.68,86.5,7119.216387964137,0.4061,0.98,33.28,12202043.0,9.747189503895955,16696.481430398897,124918.54013104012,0.0,50
10000.0,1.0,1,10,1.0,40,-210151.23275290127,-4203.024655058025,-3709.400890778459,4520.4331775275905,20434316.112492185,-12328.544012464681,-17091.195601852418,-19295.400005092844,-10221361.08090115,-0.9297836047995517,-40.90933088434909,102.74,90.5,7726.78679581609,0.40369,0.92,31.52,13578066.8,10.91797415555327,19674.473005542764,132159.49776133933,0.0,50
10000.0,1.0,1,10,1.0,60,-151820.8067797451,-3036.416135594902,-1874.8788756777067,3901.3211786482343,15220306.938969247,-9396.433194830728,-11919.391310529667,-15285.189216981875,-7613189.885620219,-0.7783045785136329,-29.36004772379522,103.42,94.0,7162.02545934823,0.40613999999999995,1.0,36.38,12753998.0,10.507129050579271,15405.34300128193,123322.3554438213,0.0,50
10000.0,1.0,1,10,2.0,40,-189363.22587185423,-3787.2645174370846,-3321.1825679302565,3916.833064190856,15341581.25273873,-10633.107283296913,-12894.518380773565,-16327.60454255587,-7674577.890886801,-0.9669200742969359,-40.00068142624719,94.68,89.5,7677.5785343973785,0.40412000000000003,0.96,31.98,11859990.0,10.100806469821187,16626.549391255365,125263.94169835234,0.0,50
10000.0,1.0,1,10,2.0,60,-177190.5266619996,-3543.8105332399923,-3071.032157428912,3685.86274145821,13585584.148869831,-11420.498676747171,-12406.46691090796,-13074.447900270228,-6796335.884968156,-0.9614602555267752,-35.73830711214192,99.16,84.5,7482.9776845365905,0.40657000000000004,0.98,38.52,11466043.4,10.053501686249929,15089.045364196587,115631.74062121824,0.0,50
10000.0,1.0,2,10,0.5,40,-185393.63955302915,-3707.872791060583,-3568.093243328738,4742.4850026299155,22491164.000169672,-12182.078604193368,-14614.93120101917,-16207.60454255587,-11249289.872875897,-0.7818417536383612,-39.98137579319154,92.74,85.5,8153.554882241633,0.40826,0.92,25.72,12737957.4,11.382469789774097,21151.047655801172,137351.27668751348,0.0,50
10000.0,1.0,2,10,0.5,60,-105071.48579731793,-2101.4297159463586,-1674.4635142224724,3651.0892982742516,13330453.063972766,-9130.523223363178,-10250.58114092572,-10552.263210868696,-6667327.961702329,-0.5755623991281339,-20.167271746126282,104.2,101.5,7040.338984118761,0.40845,0.98,34.56,13240078.0,11.579927365656388,14142.184908071707,127064.08829174664,0.0,50
10000.0,1.0,2,10,1.0,40,-175464.82908567192,-3509.2965817134386,-2366.4650542751187,4764.857468552696,22703866.695622414,-12563.732451615826,-14880.438840678195,-16964.716223362135,-11355442.64439292,-0.7364956045114681,-44.07556621091985,79.62,70.0,7750.383127587249,0.40555,0.9,22.48,10763067.4,10.71436723947855,18274.087523278053,135180.4496357699,0.0,50
10000.0,1.0,2,10,1.0,60,-80516.10580789106,-1610.3221161578213,-1270.3313203334692,3632.479758527209,13194909.19610989,-7719.1086261240125,-10037.106351410932,-11736.490741112735,-6599064.9201711025,-0.443312068670765,-16.275744048492232,98.94,89.5,6713.707020829633,0.40902,0.96,33.66,12373989.2,11.40503717419794,15207.737914870959,125065.58722458055,0.0,50
10000.0,1.0,2,10,2.0,40,-116670.98885863968,-2333.4197771727936,-1395.3017715258175,4239.327898235096,17971901.028754395,-10815.131184653355,-12790.367517610663,-14469.290815408458,-8988283.93415437,-0.5504221030280968,-28.729620502004355,81.22,74.0,7065.466166689428,0.4076000000000001,0.94,24.3,10723936.2,11.262563278287939,15921.555947141605,132035.6587047525,0.0,50
10000.0,1.0,2,10,2.0,60,-115838.83277437989,-2316.776655487598,-877.2159095818643,4618.39288258979,21329552.817956034,-10990.634905456844,-13438.136399121877,-15301.742191491765,-10667093.185633505,-0.5016413099502159,-23.978230754373815,96.62,83.5,7478.70809385632,0.40718000000000004,0.98,34.18,11832055.4,12.040614179406386,21112.5102217393,122459.69157524323,0.0,50
10000.0,2.0,1,10,0.5,40,-127102.59071890253,-2542.0518143780505,-1672.6505945476238,3837.81280930389,14728807.159257017,-9679.230115330236,-11740.980509066954,-12657.878374082735,-7366945.631442887,-0.6623699332637515,-23.321576278697712,109.0,94.5,6909.181892988753,0.40881999999999996,0.96,32.02,14719985.0,10.730443420802551,14129.495389366406,135045.73394495412,0.0,50
10000.0,2.0,1,10,0.5,60,-185754.66885419772,-3715.0933770839542,-3773.093243328738,4091.9461614503584,16744023.388208322,-10087.526255547546,-13268.49322528784,-19355.400005092844,-8375726.787481245,-0.9079037774451706,-39.631890090505166,93.74,82.5,7815.473633489467,0.40391,0.92,31.92,11682028.4,9.643152656118424,19503.68291132117,124621.59590356305,0.0,50
10000.0,2.0,1,10,1.0,40,-179354.09871058963,-3587.081974211793,-3901.7112415103475,3788.1274256209667,14349909.392741732,-10433.374675105977,-12106.766962753763,-14909.290815408458,-7178541.778345078,-0.9469274845269587,-29.533031238364835,121.46,107.5,7373.362309945535,0.4064400000000001,0.96,37.24,16154054.8,11.721437743873112,15991.555947141605,132998.96920796973,0.0,50
10000.0,2.0,1,10,1.0,60,-155875.59141863114,-3117.511828372623,-2079.3231635785196,4216.470072668959,17778619.87371298,-12899.87292397371,-13787.528583457073,-13886.176264761132,-8892427.448684862,-0.7393653398797985,-26.609011850227237,117.16,96.5,7476.723743906923,0.40623,0.98,41.84,14382072.2,11.027343130684692,21151.047655801172,122755.82280641857,0.0,50
10000.0,2.0,1,10,2.0,40,-184657.97061732173,-3693.1594123464347,-2832.927188909729,4063.6170415106008,16512983.460055368,-10348.200204323623,-13049.233422778663,-14849.290815408458,-8260184.889440031,-0.9088354967063133,-34.19592048468921,108.0,105.0,7804.496421675181,0.40474000000000004,0.92,36.96,13516142.4,10.953886559678057,21122.5102217393,125149.46666666667,0.0,50
10000.0,2.0,1,10,2.0,60,-173184.0218200396,-3463.680436400792,-2494.477149606566,4514.041065899143,20376566.744623873,-11376.03468479574,-14064.906798598784,-15561.742191491765,-10191747.052748337,-0.7673125666857664,-29.14574584652299,118.84,97.5,7686.33180548508,0.40602000000000005,0.98,46.76,13778033.4,11.344522931003937,16845.90880175226,115937.67586671155,0.0,50
10000.0,2.0,2,10,0.5,40,-111457.17911072468,-2229.1435822144936,-1677.6954720210633,3160.6961695977675,9990000.276509998,-8548.801719916204,-9551.374604662997,-10385.689863659092,-4997229.281837214,-0.705269808485727,-22.77424992045866,97.88,81.5,6635.398175847118,0.4081,0.94,27.36,13419970.8,11.813465309659865,14505.408763447616,137106.3628933388,0.0,50
10000.0,2.0,2,10,0.5,60,-115186.82354370077,-2303.736470874015,-1575.7328288349672,3814.168615879854,14547882.230362842,-10169.017347036826,-11685.412997391386,-12480.848506880691,-7276244.851652295,-0.6039943963887879,-24.94841315653038,92.34,83.5,6940.163610162808,0.40820999999999996,0.96,29.88,11828033.2,10.776455873844085,15229.17222857743,128092.19406541043,0.0,50
10000.0,2.0,2,10,1.0,40,-190300.0864375771,-3806.001728751542,-3031.877306301438,5120.114440759338,26215571.88647231,-13322.731362038467,-16271.110453872825,-18066.436003654147,-13111591.944964906,-0.7433430976566902,-39.57165448899503,96.18,85.0,8392.148614807387,0.40589999999999987,0.96,27.72,13019905.8,11.837781112655662,19579.455045520735,135370.19962570182,0.0,50
10000.0,2.0,2,10,1.0,60,-131019.48462945886,-2620.3896925891772,-1177.0985059866216,4797.563534212994,23016615.86481028,-11652.247223424725,-12554.365057503843,-13336.176264761132,-11510928.32209773,-0.546191764611719,-26.15681465950466,100.18,89.0,7705.879016834613,0.40729,0.96,34.02,12542048.0,11.31833138183999,21151.047655801172,125195.1287682172,0.0,50
10000.0,2.0,2,10,2.0,40,-169267.3050365704,-3385.346100731408,-1794.2862854241976,5244.329235590689,27502989.13127122,-13376.231409615488,-14823.209242150187,-16449.514928363962,-13754879.911736341,-0.6455250897972004,-35.11041382214694,96.42,91.5,8139.223563811767,0.40591,0.96,28.7,12844037.4,12.270115207893532,21112.5102217393,133209.26571250777,0.0,50
10000.0,2.0,2,10,2.0,60,-160033.7436788245,-3200.6748735764904,-2915.0688751691487,4389.404709609373,19266873.704740945,-10342.2143179579,-11892.569623266774,-12449.496525766328,-9636637.527244048,-0.7291819928494585,-36.90815121744108,86.72,64.0,7875.641544994764,0.40684999999999993,0.88,29.94,10670029.0,10.822015666531193,13238.567022782634,123040.00230627306,0.0,50
10002.0,0.5,1,10,0.5,40,-150871.22282562556,-3017.4244565125114,-2632.326831311104,3579.7837799376266,12814851.911104523,-9428.289986953541,-11836.740141357644,-13906.176264761132,-6410443.380008774,-0.8429069022052063,-26.238473534891405,115.0,106.5,7220.544661675257,0.40747,0.98,33.84,15545150.4,11.378070766889277,20979.823051429732,135175.2208695652,0.0,50
10002.0,0.5,1,10,0.5,60,-201272.75776550663,-4025.4551553101323,-3311.805790685641,4503.010094760588,20277099.91351576,-10342.05705838076,-16174.761549460274,-19095.400005092844,-10142575.41191319,-0.8939476196140439,-44.333206556278995,90.8,74.0,7696.361867989609,0.4054900000000001,0.96,30.8,11308285.4,9.452808537090611,19835.20155985636,124540.58810572689,0.0,50
10002.0,0.5,1,10,1.0,40,-199580.87561429874,-3991.617512285975,-3397.5789852636517,4506.300107430438,20306740.658227578,-11957.55699292877,-13364.903116790267,-14311.012795740506,-10157361.946626075,-0.8857859923051531,-41.80579715423099,95.48,88.0,8463.316066809668,0.40578999999999993,0.92,28.84,12662531.4,10.162054170135768,20921.28561736783,132619.72559698366,0.0,50
10002.0,0.5,1,10,1.0,60,-189991.021403222,-3799.82042806444,-2670.4134854130098,4705.49731310027,22141704.963593863,-12911.194540176382,-16090.90989983885,-18965.400005092844,-11074652.302224996,-0.8075279136776464,-29.844646780273642,127.32,126.5,7594.516563591496,0.40547999999999995,0.98,45.48,15679120.2,11.501821789565781,19324.25527591174,123147.34684260131,0.0,50
10002.0,0.5,1,10,2.0,40,-160478.49449010982,-3209.5698898021965,-1855.122835559072,4326.031582697063,18714549.25449245,-11356.650981831044,-12715.779274247858,-13376.399181360612,-9360484.197136028,-0.7419201243557378,-26.90786292590708,119.28,101.5,7323.33038619356,0.40724999999999995,0.96,41.02,14970876.0,11.377595646461176,15125.285921760136,125510.36217303823,0.0,50
10002.0,0.5,1,10,2.0,60,-171969.27004354424,-3439.385400870885,-2626.8303072393173,4282.606076607965,18340714.80739947,-9663.94364279983,-14760.886782652195,-18865.400005092844,-9173796.789100606,-0.8031057116498195,-29.201777898377355,117.78,109.0,7724.820023302029,0.40757000000000004,0.94,46.04,13661873.0,10.583810625515712,19294.78222467145,115994.84632365427,0.0,50
10002.0,0.5,2,10,0.5,40,-169526.40539716926,-3390.5281079433853,-2251.150029059092,4857.139871858415,23591807.734796785,-12737.74158978164,-14148.826625303365,-14709.290815408458,-11799294.395506335,-0.6980503336103063,-36.38686529237374,93.18,85.0,7827.100675136794,0.40671000000000007,0.96,26.04,12771522.8,11.427359007743055,20958.360485491634,137062.91908134794,0.0,50
10002.0,0.5,2,10,0.5,60,-160249.8866707986,-3204.9977334159717,-2502.7395574431284,5018.702600798474,25187375.795261372,-13664.842335761594,-16221.35431913659,-17084.716223362135,-12596892.895364102,-0.6386108100737865,-36.04360923769649,88.92,85.5,8103.016002449657,0.40499,0.94,29.72,11161220.0,10.641849729193666,18488.689922210353,125519.79307242465,0.0,50
10002.0,0.5,2,10,1.0,40,-175705.62940363202,-3514.1125880726404,-2248.6108913245844,4777.787011235596,22827248.72473157,-12513.9939601133,-15682.058908335553,-18755.400005092844,-11417138.474953856,-0.7355105156023083,-44.59533741208935,78.8,60.0,8227.13999712581,0.40612999999999994,0.94,22.04,10656163.8,10.429467453667657,19321.34592793451,135230.50507614214,0.0,50
10002.0,0.5,2,10,1.0,60,-104876.39530711813,-2097.5279061423626,-1927.3926092152833,4360.933782089708,19017743.451771248,-11159.833505913353,-12352.188548493083,-13321.750796810258,-9510969.253791766,-0.480981370264414,-21.535194108237807,97.4,83.0,6923.868962198197,0.40764,0.98,32.54,12314411.2,11.047491962305577,14088.14695934765,126431.32648870636,0.0,50
10002.0,0.5,2,10,2.0,40,-155322.10913277918,-3106.4421826555836,-2519.3033037758432,4711.980415491627,22202759.435976647,-12818.165809943283,-14789.656674766293,-16287.60454255587,-11104486.16017098,-0.6592646634187701,-35.0614241834716,88.6,81.5,7611.644178748206,0.4081300000000001,0.94,26.2,11804385.6,11.413908844362563,20898.360485491634,133232.34311512415,0.0,50
10002.0,0.5,2,10,2.0,60,-136296.20473545982,-2725.924094709196,-1412.010421916144,5166.608389094734,26693842.246264085,-13964.479840679816,-15638.58307675412,-17034.716223362135,-13349647.047226751,-0.527604163006109,-28.543707798002053,95.5,90.5,7464.469650983473,0.40802,0.94,33.5,11736290.8,11.653464810331183,18448.689922210353,122893.09738219896,0.0,50
10002.0,1.0,1,10,0.5,40,-205572.38894629866,-4111.447778925973,-4186.432391355629,3456.1600405895388,11945042.226167882,-10132.255411343853,-11716.293879995472,-12439.496525766328,-5976632.560862867,-1.1895999405813014,-42.970817087437005,95.68,90.0,7684.51387885336,0.40445,0.98,27.28,12996590.8,10.306312933162863,14594.877884073881,135833.93394648828,0.0,50
10002.0,1.0,1,10,0.5,60,-133657.78540909744,-2673.1557081819487,-2615.780636249401,2701.5026936907575,7298116.804018419,-6992.3419957129345,-8041.160794755095,-8433.515388172818,-3651731.5577173918,-0.9895069564150347,-24.319102148671295,109.92,92.5,6770.104013577744,0.40717,0.94,37.62,13792774.6,10.233671085594963,11674.71043052792,125480.11826783115,0.0,50
10002.0,1.0,1,10,1.0,60,-113670.69016106869,-2273.4138032213737,-1437.3548521298799,3785.5021136451337,14330026.252411775,-9747.354037714074,-12226.667610258484,-13410.821982678142,-7167286.540009109,-0.6005580593987989,-20.540421062715698,110.68,104.0,7051.874970198824,0.40612999999999994,0.94,39.1,13634678.4,10.529948205579826,14895.275186983985,123190.08312251535,0.0,50
10002.0,1.0,1,10,2.0,40,-166230.75190093118,-3324.6150380186236,-2376.741128002759,3896.5768291087466,15183310.985147173,-10558.064435470342,-13696.694821346357,-15771.742191491765,-7594980.107611605,-0.853214291370254,-28.265728940814686,117.62,108.5,7459.894223322335,0.40667999999999993,0.98,40.14,14820946.0,11.56447181916429,16911.68225788395,126007.0226152015,0.0,50
10002.0,1.0,1,10,2.0,60,-158880.9468121263,-3177.6189362425257,-2571.127240174159,3826.407268452393,14641392.584065303,-10162.79034465804,-12426.218117674269,-14999.290815408458,-7323873.910968894,-0.830444517090544,-27.810423037305494,114.26,98.5,7561.918059681687,0.40695,0.96,44.68,13240558.8,10.653607949474235,16111.950839158148,115880.96271661123,0.0,50
10002.0,1.0,2,10,0.5,40,-130508.70926355472,-2610.1741852710943,-1598.6175779225305,3735.524149247501,13954140.669611266,-9529.128746479506,-11341.211574529103,-12329.496525766328,-6979680.508990904,-0.6987437588366815,-28.664333244795674,91.06,87.5,6969.766841076177,0.40735000000000005,0.92,25.36,12468522.4,11.282513883590815,14024.043241803418,136926.44849549746,0.0,50
10002.0,1.0,2,10,0.5,60,-140788.09285020138,-2815.7618570040277,-1796.4751288215048,4540.962934235309,20620344.370098945,-11828.491500580438,-14376.726662892537,-16337.60454255587,-10312987.946906477,-0.6200803437030425,-31.300154035171495,89.96,79.5,7483.319087288603,0.4071600000000001,0.94,29.98,11334281.8,10.470726365763152,20919.823051429732,125992.4610938195,0.0,50
10002.0,1.0,2,10,1.0,40,-110002.26493105324,-2200.045298621065,-904.9413915309124,4620.072917532452,21345073.76331682,-11119.375499669031,-13056.257084334968,-14251.012795740506,-10674736.926957032,-0.4761927653288245,-21.843182075268714,100.72,86.0,7238.610416082503,0.40702,0.96,29.08,13675718.8,11.806485148642103,14844.476080423046,135779.5750595711,0.0,50
10002.0,1.0,2,10,1.0,60,-113443.33420036637,-2268.8666840073274,-1837.1262074579718,3922.76821495983,15388110.468299132,-9200.330525181193,-10759.762643578035,-12310.848506880691,-7696324.100833573,-0.5783840797307935,-24.715323355199647,91.8,83.0,6619.781957655961,0.40559000000000006,0.96,31.34,11421255.0,10.80560821768827,13026.07132850762,124414.54248366013,0.0,50
10002.0,1.0,2,10,2.0,40,-173649.92116731778,-3472.9984233463556,-3268.244064941653,4302.329629731851,18510040.24286861,-11047.47166109269,-13851.687085336385,-17044.716223362135,-9258493.119857652,-0.8072367117909577,-47.719131950348384,72.78,69.5,8128.538193795556,0.40564,0.9,21.42,9582902.6,10.604380537961148,18424.290887029754,131669.4503984611,0.0,50
10002.0,1.0,2,10,2.0,60,-87979.48847956618,-1759.5897695913236,-560.5854726299876,4533.252526869086,20550378.472364955,-11469.985123675293,-12896.258522817361,-13281.750796810258,-10276948.825952068,-0.3881517209027411,-15.533101779584424,113.28,91.5,6828.794500619876,0.40836000000000006,1.0,39.66,14042854.2,12.592578450627197,20859.823051429732,123965.87394067796,0.0,50
10002.0,2.0,1,10,0.5,40,-222004.64452463688,-4440.092890492738,-3396.985633712262,4807.171472945969,23108897.570305515,-13134.901377844648,-17106.078396702535,-19045.400005092844,-11558888.878043251,-0.9236393824268558,-42.94093704538431,103.4,98.0,8036.544958637903,0.40537000000000006,0.98,30.32,13948802.0,10.665513989705198,19830.050991887023,134901.37330754352,0.0,50
10002.0,2.0,1,10,0.5,60,-200635.9898189283,-4012.719796378566,-3218.857770517934,4248.265121192645,18047756.53994196,-11945.64683246449,-15328.097058305362,-19095.400005092844,-9027890.989767358,-0.944554937581462,-41.130789220772506,97.56,88.5,8105.739190210277,0.40641999999999995,0.9,33.5,12118524.4,9.832351135613573,19354.25527591174,124216.1172611726,0.0,50
10002.0,2.0,1,10,1.0,40,-141322.71077724127,-2826.4542155448253,-1763.8721993645304,3077.4372921768377,9470620.287280707,-8418.90284002663,-8613.499968890488,-8721.442246171297,-4738136.597855899,-0.9184441297078723,-22.801340880484233,123.96,122.5,7228.593215665331,0.40617,0.96,38.28,16457300.6,11.892976474341378,12799.89306396339,132762.9929009358,0.0,50
10002.0,2.0,1,10,1.0,60,-223883.03457271,-4477.6606914542,-4039.144545903604,4491.9876413714655,20177952.970233984,-12783.40368018946,-14748.338839885662,-16507.60454255587,-10093454.145808447,-0.996810554466733,-45.357178803223256,98.72,80.0,8216.09512471503,0.40417000000000003,0.92,34.64,12126378.4,9.752442238716466,16856.41346954243,122836.08589951378,0.0,50
10002.0,2.0,1,10,2.0,40,-115234.28770570146,-2304.685754114029,-1763.4543299708748,4027.921158686793,16224148.860596757,-8789.984505660848,-12500.531829224588,-15721.742191491765,-8114379.1160524925,-0.5721774740161111,-18.326063566428346,125.76,102.0,6812.723117255071,0.40928,1.0,43.76,15771124.6,11.858222381030496,16911.68225788395,125406.52512722646,0.0,50
10002.0,2.0,1,10,2.0,60,-199712.0020767213,-3994.2400415344264,-2574.820174250286,4612.510408340224,21275252.2670469,-13061.288414072997,-14451.91817357558,-16507.60454255587,-10641620.373564985,-0.8659579465254489,-38.90746192805793,102.66,81.0,8067.473925873251,0.40555,0.94,39.72,11908331.8,10.048041835103975,16816.41346954243,115997.77712838497,0.0,50
10002.0,2.0,2,10,0.5,40,-125941.37989329659,-2518.8275978659317,-1645.7911763970042,4146.02700529435,17189539.92863003,-10469.923810019303,-14286.060700125605,-17084.716223362135,-8597288.791912882,-0.6075280249378159,-24.55476309091374,102.58,90.5,7115.311231217775,0.41062999999999994,0.96,28.82,14076926.0,12.071835014861115,18454.290887029754,137228.7580425034,0.0,50
10002.0,2.0,2,10,0.5,60,-107835.15619172623,-2156.7031238345244,-1464.9476101778564,3509.379242958882,12315742.670910655,-8848.278148406389,-9907.619246798879,-10645.689863659092,-6160028.038579162,-0.6145540206750403,-26.17993595332028,82.38,78.0,7041.402888755349,0.40747999999999995,0.96,27.0,10406138.0,10.370619442319049,14725.15646667406,126318.7424132071,0.0,50
10002.0,2.0,2,10,1.0,40,-102877.33593871177,-2057.546718774235,-1501.1431446536444,3661.3342154032684,13405368.236882668,-8401.08813346218,-10727.754493021212,-14579.290815408458,-6704741.665160108,-0.5619663755681069,-21.95419034116768,93.72,91.5,6928.192447534855,0.40746000000000004,0.94,26.68,12712582.0,11.52716570300397,16111.950839158148,135644.28083653437,0.0,50
10002.0,2.0,2,10,1.0,60,-215075.04597582435,-4301.500919516487,-4078.0080515537993,4712.734556683633,22209867.00176008,-12573.457257053693,-15444.000101255098,-18815.400005092844,-11109235.001799557,-0.9127399109324235,-51.8378033202758,82.98,87.0,8183.60790954089,0.4037599999999999,0.86,27.9,10322047.2,10.114072341375635,19321.34592793451,124391.9884309472,0.0,50
10002.0,2.0,2,10,2.0,40,-138116.19050459797,-2762.3238100919593,-2552.4755344690057,4073.800322335845,16595849.066263635,-10023.994496516738,-11987.593621371392,-14499.290815408458,-8300686.8569419095,-0.678070497207731,-28.565913237765866,96.7,89.5,7512.743175984746,0.40729,0.94,29.26,12826633.8,12.357025986680064,16061.517139343952,132643.57600827303,0.0,50
10002.0,2.0,2,10,2.0,60,-103403.48442908085,-2068.069688581617,-1473.6403779587126,3573.399582264004,12769184.57452456,-8752.825642201462,-9413.065085121236,-9606.811106321868,-6386660.356950861,-0.5787401159516474,-22.449736089683203,92.12,79.0,6699.617263330223,0.40858999999999995,0.98,32.26,11274306.4,11.770830193780796,14517.947582459776,122387.17325227964,0.0,50
10000.0,0.5,1,20,0.0,40,-164760.54052303475,-3295.210810460695,-2681.645897499111,3577.1065955900854,12795691.59621409,-8701.82337903601,-11347.107813877092,-15856.945145989303,-6401141.008917506,-0.9211944688822421,-58.65451780812914,56.18,53.5,6876.486944941375,0.40629000000000004,0.98,21.64,13190010.8,7.088515767200849,16882.344373554457,234781.25311498754,0.0,50
10000.0,0.5,1,20,0.0,60,-149624.51723954186,-2992.4903447908373,-2300.229698380339,3371.688412588361,11368282.751582623,-9372.787453363993,-11320.410336239574,-13421.750796810258,-5687133.866136102,-0.8875346647149668,-47.97195166384798,62.38,50.0,7491.33374521638,0.40679000000000004,0.98,28.82,14248004.0,8.093261892244321,14182.184908071707,228406.60468098748,0.0,50
10000.0,0.5,1,40,0.0,40,-108276.12233434577,-2165.5224466869154,-1478.6763733080588,3497.2152587809524,12230514.566250322,-8002.898123803636,-9638.822724859385,-12550.820698921452,-6117422.8055718485,-0.6192133701947609,-41.185288069359366,52.58,45.5,5806.098119122672,0.40928,1.0,34.12,20837985.6,6.384520284835779,13744.730820534984,396310.110308102,0.0,50
10000.0,0.5,1,40,0.0,60,-136311.74396379036,-2726.234879275807,-2409.919010887388,3124.529735215868,9762686.066248143,-8517.784804669727,-9416.98945908714,-9891.413721964112,-4884069.268003347,-0.872526463278028,-59.498797016058646,45.82,35.0,7640.4914532137345,0.4082200000000001,0.96,24.58,17597011.5,6.7513657799968065,12325.277598690911,384046.5189873418,0.0,50
10000.0,0.5,1,60,0.0,40,-118959.12567399594,-2379.1825134799187,-1244.074627337599,3613.3672001195264,13056422.522899626,-9583.83028610915,-11982.65089262634,-14211.012795740506,-6530590.443963293,-0.6584391736883424,-70.22380500235887,33.88,31.0,5314.445686064905,0.40680000000000005,0.94,29.72,14845028.7,7.554198798709041,14506.343895228812,438164.95572609204,0.0,50
10000.0,0.5,1,60,0.0,60,-211801.8379555588,-4236.036759111175,-3127.974319557892,4697.821285091876,22069524.82666229,-13007.898228611819,-15753.038321662656,-17444.576295595616,-11038998.450090257,-0.901702406720529,-110.14136139134621,38.46,37.5,8402.149036793122,0.4055099999999999,0.9,24.84,19155029.7,5.672114652091475,17968.62574046728,498050.6942277691,0.0,50
10000.0,0.5,2,20,0.0,40,-152720.21452433342,-3054.4042904866683,-3100.4490800995845,2983.0995337658474,8898882.828354016,-8140.379449396836,-8357.400999305188,-8650.670262543252,-4452495.818467495,-1.0239029090087994,-65.40480279414707,46.7,37.5,6797.100655513574,0.40509,0.94,17.58,11042010.8,7.5401770952762055,12595.9740484145,236445.62740899358,0.0,50
10000.0,0.5,2,20,0.0,60,-121210.48562519313,-2424.2097125038626,-1545.8732978546177,4220.915423169191,17816127.009547554,-9810.829946129152,-11054.552106133042,-11777.520289869164,-8910487.71448628,-0.574332690770458,-48.87519581661013,49.6,44.0,7464.605805911424,0.4079,0.86,22.3,11434032.4,8.427287872367828,14163.14922553231,230524.84677419355,0.0,50
10000.0,0.5,2,40,0.0,40,-116611.46730454423,-2332.2293460908845,-1454.5376625763602,4110.8014945015475,16898688.92719616,-9194.577644535111,-11178.489629728467,-13823.661036476493,-8451676.69294417,-0.5673417578566659,-68.96006345626506,33.82,30.0,6776.945692082471,0.40724000000000005,0.96,21.34,13339998.4,6.299293001998168,14322.348855937249,394441.1117681845,0.0,50
10000.0,0.5,2,40,0.0,60,-133207.46788839798,-2664.1493577679594,-1914.3218637112295,4406.486691054963,19417124.958444513,-10883.77197329154,-13787.748174393046,-18223.624525030842,-9711226.628580024,-0.6045971642613828,-64.85271075384517,41.08,40.0,8220.472648882136,0.40893,0.96,21.1,15778067.4,8.351607999527465,19602.831312695198,384081.4849074976,0.0,50
10000.0,0.5,2,60,0.0,40,-40645.82195110075,-812.916439022015,-618.4666001194273,2770.197169883478,7673992.360030431,-4709.369796289937,-7021.126319949243,-9627.195409766282,-3837809.0964542376,-0.29345075067559717,-25.46730698690523,31.92,30.0,4934.522917922066,0.41061,1.0,26.5,14367031.0,12.115874002946969,11627.331923214078,450094.95614035084,0.0,50
10000.0,0.5,2,60,0.0,60,-170794.48982403148,-3415.8897964806297,-3491.259861601284,5046.956114050488,25471766.01715161,-12091.43243497613,-12982.045656875009,-14140.272324569873,-12739298.898372285,-0.6768217752023395,-97.48543939727824,35.04,28.5,7999.954790856736,0.40875,0.94,22.1,17300995.8,7.081446245384508,15592.964620754705,493749.8801369863,0.0,50
10000.0,1.0,1,20,0.0,40,-170918.19661940134,-3418.3639323880266,-2998.5337345683365,3491.4770414079194,12190411.930678599,-9006.196457108867,-11268.835154168308,-13687.207592707244,-6098624.329271687,-0.9790595475342466,-57.31663199845786,59.64,49.0,6515.52695516177,0.40452999999999995,0.98,23.04,14003996.0,7.015637378859874,14478.584792471956,234808.7860496311,0.0,50
10000.0,1.0,1,20,0.0,60,-180755.78217526394,-3615.115643505279,-2823.1516251412686,4465.27845678943,19938711.696667787,-11056.978055322548,-12578.938154621283,-14769.290815408458,-9972970.963977398,-0.8096058685898316,-57.23742310806332,63.16,52.5,7738.861193448747,0.40678,0.92,29.46,14370026.8,8.060590626802309,16051.517139343952,227517.84040531985,0.0,50
10000.0,1.0,1,40,0.0,40,-153748.31764449098,-3074.9663528898195,-1771.402386120928,4039.606379090358,16318419.697987515,-11572.093326247816,-13635.562329161097,-15816.945145989303,-8162284.815346648,-0.7612044502171228,-69.94918910122428,43.96,41.5,6666.972707904978,0.40698999999999996,1.0,28.62,17389984.8,5.6684131647420495,18129.46941925818,395586.55141037307,0.0,50
10000.0,1.0,1,40,0.0,60,-149262.88908060163,-2985.2577816120324,-1956.605370621488,4391.501590597462,19285286.220220044,-10178.571613371309,-13653.60325385665,-16295.559875337756,-9645628.367891634,-0.6797806445073401,-55.67433386072422,53.62,51.0,7630.938517634388,0.40938,0.96,28.82,20582010.4,7.464933009277205,16525.611136770982,383849.5039164491,0.0,50
10000.0,1.0,1,60,0.0,40,-81895.40327972447,-1637.9080655944895,-1097.9452943873184,2121.5270772433905,4500877.139476882,-5370.720183683128,-6057.149190622906,-6991.843018551008,-2252076.4778040354,-0.7720420272561102,-49.15690472972658,33.32,31.0,4825.30632529101,0.40651,1.0,29.26,14616018.1,6.991278275390406,11351.016295546899,438656.00540216087,0.0,50
10000.0,1.0,1,60,0.0,60,-174203.3205428773,-3484.066410857546,-2936.540822837269,4726.16669042529,22336651.58568554,-12349.618901557016,-14961.26109715396,-18328.624525030842,-11171809.859253628,-0.7371865274906947,-74.12907257143715,47.0,43.5,7873.269995155112,0.40704999999999997,0.96,30.78,23487005.7,6.278165736607951,19728.899329447304,499723.5255319149,0.0,50
10000.0,1.0,2,20,0.0,40,-124989.17491271044,-2499.783498254209,-2589.4573209834634,3462.594374354956,11989559.80131459,-8512.95671973555,-8952.270609957632,-9508.874904768076,-5997279.68415555,-0.7219394557929326,-44.05681174223139,56.74,53.5,6446.340463198012,0.40564,0.96,21.56,13459992.4,8.64903204068056,12209.82862531484,237222.28410292562,0.0,50
10000.0,1.0,2,20,0.0,60,-115292.97080344817,-2305.8594160689636,-1440.1756411865354,4115.630893119514,16938417.64839973,-8668.59991823716,-12782.054080553315,-17024.716223362135,-8471514.683615934,-0.5602687597479463,-41.42758562826022,55.66,43.5,6861.036152369404,0.40769999999999995,0.94,25.16,12846018.8,8.778895864856851,18304.087523278053,230794.44484369387,0.0,50
10000.0,1.0,2,40,0.0,40,-91338.19147290377,-1826.7638294580754,-1832.9001973378472,3882.4304619051986,15073266.291529415,-7910.193219757365,-9733.290638630648,-11376.217859655968,-7538459.909594166,-0.47052068218143167,-46.55361441024657,39.24,36.0,5931.585948731907,0.40757,0.92,24.88,15512057.6,6.991672407880826,12474.371696603834,395312.375127421,0.0,50
10000.0,1.0,2,40,0.0,60,-152139.0434241319,-3042.780868482638,-2644.5746549617033,4827.508319834618,23304836.57807246,-12719.220442784834,-14444.09484199,-16454.009490884026,-11655461.069904711,-0.6303004918666298,-75.57826300254939,40.26,34.0,7998.580746911716,0.40768,0.96,20.92,15465991.4,8.268999224888312,18049.188001877395,384152.7918529558,0.0,50
10000.0,1.0,2,60,0.0,40,-78871.5466568793,-1577.4309331375862,-681.9834303508105,3399.5654169963523,11557045.024437584,-8370.752764948242,-9414.210181415352,-10175.020617964794,-5780099.943151929,-0.46400958347518534,-54.05863376071235,29.18,27.0,5730.053042899166,0.40796999999999994,0.94,24.5,13103027.8,10.38402426345395,15882.716518183239,449041.39136394794,0.0,50
10000.0,1.0,2,60,0.0,60,-167384.59530089074,-3347.6919060178147,-3182.602387109655,5360.9415494990135,28739694.297144886,-11639.40294278292,-15781.01277903157,-19151.18143248663,-14373194.840478461,-0.6244596914752849,-96.3641884288375,34.74,33.0,8552.495429941446,0.4068099999999999,0.94,21.84,17133009.0,7.238424203247779,21046.552128396695,493178.1519861831,0.0,50
10000.0,2.0,1,20,0.0,40,-131605.29550561472,-2632.105910112294,-1784.0085441088886,3600.0540594902022,12960389.231251884,-7887.091489213385,-11807.960559117957,-15856.945145989303,-6482826.721536054,-0.731129551561315,-36.46586187465079,72.18,63.5,6162.209269692298,0.40469,0.98,28.28,16947998.0,7.814813921810253,16882.344373554457,234801.85646993626,0.0,50
10000.0,2.0,1,20,0.0,60,-174354.34173141906,-3487.086834628381,-2878.0392355902586,4454.041623877038,19838486.7872292,-11385.332542628254,-14401.514138423023,-18526.436003654147,-9922730.480449228,-0.7829039620856191,-46.98311552988926,74.22,57.5,7491.711223887291,0.40737000000000007,0.98,34.6,17101976.0,8.912344475712334,19699.751964452036,230422.74319590407,0.0,50
10000.0,2.0,1,40,0.0,40,-160232.06421632355,-3204.641284326471,-2403.151218249928,3695.661454764069,13657913.588228874,-8376.825210375897,-11263.420297295941,-16541.771432936774,-6832161.435398763,-0.8671360522470228,-72.50319647797446,44.2,38.5,6752.045188443876,0.40745999999999993,0.96,28.72,17478019.2,5.756735523815808,16728.31421990355,395430.2986425339,0.0,50
10000.0,2.0,1,40,0.0,60,-216439.38614608068,-4328.787722921614,-3210.2809903618763,4510.661064725988,20346063.24083498,-12695.066590462073,-14177.461195380389,-16295.559875337756,-10177360.408140412,-0.9596792267928066,-101.66246413625208,42.58,35.0,8738.4029551463,0.40518,0.96,22.76,16332006.1,6.7939216285726385,16525.611136770982,383560.500234852,0.0,50
10000.0,2.0,1,60,0.0,40,-126416.70989228168,-2528.3341978456338,-2442.8092828608933,2896.238827857842,8388199.347991366,-7694.540225410002,-9176.771849427218,-9857.195409766282,-4196628.008193528,-0.8729715842235304,-73.75537333271977,34.28,32.0,5507.460430235279,0.40789000000000003,0.94,30.26,14950026.7,8.00016970304813,11298.969940317387,436115.1312718786,0.0,50
10000.0,2.0,1,60,0.0,60,-223418.71339846263,-4468.374267969252,-2819.168886168103,5295.210291579802,28039252.032052655,-15357.152065612177,-18120.121944285074,-19721.18143248663,-14024094.390294297,-0.8438520893256704,-112.0454931787676,39.88,34.5,8505.511846965965,0.40616000000000013,0.92,25.98,19914003.6,5.66855641876593,21136.510889241763,499348.1344032096,0.0,50
10000.0,2.0,2,20,0.0,40,-116256.46138698189,-2325.129227739638,-1457.1435617243405,3814.109893921139,14547434.282907119,-8851.951906154567,-11502.572318078057,-15416.945145989303,-7276042.270681299,-0.6096125419576343,-39.289104895904664,59.18,55.0,6532.012004237976,0.40752999999999995,0.92,22.42,14055983.2,8.376209615495787,16822.47487299808,237512.38932071644,0.0,50
10000.0,2.0,2,20,0.0,60,-134779.72151737986,-2695.594430347597,-2306.641853688692,3773.3783896013874,14238384.47111076,-8539.432081411873,-11418.567248272399,-16127.60454255587,-7121887.829985728,-0.7143716192829631,-44.71789035082278,60.28,56.0,7385.780704617488,0.40882000000000007,0.92,27.22,13943991.0,9.117099295652647,16616.481430398897,231320.35500995355,0.0,50
10000.0,2.0,2,40,0.0,40,-149443.3174179595,-2988.86634835919,-1880.866599548317,4696.788159214325,22059819.012535885,-12670.833490503637,-14771.959548556246,-16541.771432936774,-11032898.372616302,-0.636363882517224,-85.93635274178234,34.78,36.5,7087.1815399033785,0.40598,1.0,21.78,13712094.4,7.0871644152445095,16728.31421990355,394252.28292121907,0.0,50
10000.0,2.0,2,40,0.0,60,-135767.57073124155,-2715.351414624831,-1280.7262044665404,5170.978633712757,26739020.030313853,-10750.745899788406,-15397.671650184939,-17688.765994675574,-13372225.366571551,-0.5251136403699828,-67.71449911782621,40.1,29.0,7613.592706194834,0.40903999999999996,0.92,20.6,15395041.4,7.92386719992663,18062.929869035725,383916.2443890274,0.0,50
10000.0,2.0,2,60,0.0,40,-79162.6404097043,-1583.252808194086,-1539.836313144362,3467.311848635044,12022251.455684965,-7251.680452957863,-8969.936864448033,-10903.337828179006,-6012708.980650676,-0.4566225587170358,-53.85213633313218,29.4,24.0,5436.816453460879,0.40626000000000007,0.94,23.92,13387075.6,10.704522864659669,15174.80274164176,455342.7074829932,0.0,50
10000.0,2.0,2,60,0.0,60,-204522.7302023914,-4090.454604047828,-3482.101849335828,5132.5583400160685,26343155.113668498,-12851.691253189067,-17585.105486806133,-20667.214291170938,-13175668.011438297,-0.796962125526317,-152.4014383028252,26.84,23.5,8643.469020395178,0.40586999999999995,0.9,16.76,13242030.0,6.599056559367512,20910.392774879467,493369.2250372578,0.0,50
10002.0,0.5,1,20,0.0,40,-173822.40790416615,-3476.448158083323,-2036.3083653405774,4508.866851950842,20329880.288621098,-11764.456040145491,-15054.388159732101,-16281.771432936774,-10168416.592468632,-0.7710247989643793,-49.60685157082367,70.08,59.0,6825.067139284474,0.4033,0.98,27.3,16489282.8,7.886535635607295,17003.072927868052,235292.2773972603,0.0,50
10002.0,0.5,1,20,0.0,60,-202471.76288143793,-4049.4352576287583,-3230.1869917266304,3872.5738648026786,14996828.338352757,-10823.325996613257,-14634.502138902588,-19045.400005092844,-7502463.604434007,-1.0456702438738494,-59.37588354294367,68.2,66.0,7655.086000516874,0.40517000000000003,0.98,31.72,15607134.8,8.542681802597597,19321.34592793451,228843.61876832845,0.0,50
10002.0,0.5,1,40,0.0,40,-134051.46263834683,-2681.0292527669367,-2032.0569393063197,3402.7439236940036,11578666.210236464,-8631.990300042648,-10342.07211885027,-11585.485012594727,-5792014.1343709985,-0.7879021498202061,-59.551960301353546,45.02,41.5,6073.129407735658,0.40724,0.94,29.12,17823554.4,5.613896751686078,12500.673903952818,395903.02976454905,0.0,50
10002.0,0.5,1,40,0.0,60,-180227.7875816771,-3604.555751633542,-2684.4094363010954,4436.3841889114765,19681504.67162374,-11655.356431702932,-15269.558081602445,-19816.18143248663,-9844356.891563503,-0.8124985569649578,-69.63979427421836,51.76,48.0,7887.44603048117,0.40825999999999996,0.98,27.52,19862969.7,7.312608434409238,21266.717579758435,383751.3465996909,0.0,50
10002.0,0.5,1,60,0.0,40,-73950.33638249902,-1479.0067276499803,-652.5781407777395,2781.769717561625,7738242.761542883,-7277.7129575959,-8447.454342109771,-9299.262436911697,-3870600.387499091,-0.5316783478921037,-42.257335075713726,35.0,33.0,5079.212708740396,0.40769,0.92,30.24,15473090.6,9.080857704452978,12135.94065234065,442088.3028571429,0.0,50
10002.0,0.5,1,60,0.0,60,-147284.64175878104,-2945.692835175621,-1552.4243823481374,4953.477043095927,24536934.81647837,-12315.746355079953,-15228.084176639948,-18418.624525030842,-12271413.101074362,-0.5946717446244518,-67.10006458258817,43.9,34.5,7845.999488434235,0.4076600000000001,0.94,28.42,21859347.6,5.782797540376688,19938.01554339379,497935.02505694766,0.0,50
10002.0,0.5,2,20,0.0,40,-131224.25237233684,-2624.4850474467366,-1521.3503850082052,4469.070836809653,19972594.144422535,-11035.007034213904,-14056.723911980594,-16141.771432936774,-9988921.557258714,-0.5872551909066845,-54.56309869951635,48.1,39.5,6427.964939186006,0.40562999999999994,0.94,18.04,11418229.6,7.416080963093629,16561.15365251538,237385.23076923075,0.0,50
10002.0,0.5,2,20,0.0,60,-144186.87539200415,-2883.737507840083,-2338.5410142525216,4892.1111599037995,23932751.6008553,-11545.18375727192,-16082.51713612563,-18026.436003654147,-11969259.53793549,-0.5894668811851365,-46.36233935434217,62.2,57.5,7363.441151899854,0.4082700000000001,0.96,28.52,14330870.8,9.551751566653671,19800.091489636077,230399.85209003216,0.0,50
10002.0,0.5,2,40,0.0,40,-111756.96390070423,-2235.1392780140845,-840.6578551640268,4519.68584035707,20427560.095524196,-10762.093326247816,-14101.336840049946,-16101.771432936774,-10216015.187040111,-0.49453421254540253,-56.01852827102969,39.9,34.5,6596.541414730863,0.40887000000000007,0.96,25.02,15771155.2,6.870089188681561,17975.319683010515,395267.04761904763,0.0,50
10002.0,0.5,2,40,0.0,60,-169275.2319185168,-3385.504638370336,-3083.050707656599,4170.8550534807655,17396031.877146035,-10640.897615739232,-12070.874412949895,-13253.031991892494,-8701401.443211388,-0.8117051767464728,-89.89656501248902,37.66,36.0,8480.642190966733,0.40652,0.92,19.24,14474890.2,7.797737510942273,15040.396513499087,384357.14816781733,0.0,50
10002.0,0.5,2,60,0.0,40,-95688.6487896255,-1913.77297579251,-1632.732386407617,3793.650842768957,14391786.716841616,-8893.621865757437,-11376.641291628708,-14417.309267155128,-7197807.1313966,-0.5044673469198755,-66.45045054835104,28.8,23.0,5495.685006667852,0.40893,0.96,23.5,13133599.4,9.310559118889664,16007.372514163959,456027.75694444444,0.0,50
10002.0,0.5,2,60,0.0,60,-101629.30243878555,-2032.586048775711,-1338.8869105128106,4490.038036676134,20160441.570798468,-10649.071985836548,-12168.385522999413,-13128.0519716579,-10082253.37144801,-0.4526879354189018,-52.68496756805887,38.58,30.5,7563.379333602078,0.40875999999999996,0.98,24.1,18960809.4,7.503161176137197,15174.80274164176,491467.3250388802,0.0,50
10002.0,1.0,1,20,0.0,40,-157951.6047514868,-3159.032095029736,-2772.7037075531553,3342.8648284665633,11174745.261398787,-8417.44341741894,-12413.998782888675,-16281.771432936774,-5590531.662794423,-0.9450074283972469,-45.6903687450063,69.14,61.5,6280.741030027638,0.40488999999999997,0.96,26.98,16279271.2,7.739018270757506,16561.15365251538,235453.73445183685,0.0,50
10002.0,1.0,1,20,0.0,60,-168072.5267549132,-3361.450535098264,-2615.687493372243,4122.600473659595,16995834.66541832,-9896.537080858088,-13532.076482316945,-16487.60454255587,-8501278.783244258,-0.8153714036988695,-42.57156199465887,78.96,74.5,7634.232519670921,0.40769,0.96,37.3,18112657.8,9.073857815392003,20979.823051429732,229390.29635258362,0.0,50
10002.0,1.0,1,40,0.0,40,-128757.32536657224,-2575.146507331445,-2208.663564291026,3030.7383119201927,9185374.71534086,-7884.299739094492,-9472.438952587545,-10999.55974157073,-4595262.504177761,-0.8496762974230702,-56.37361005541692,45.68,38.5,6329.129326355775,0.40906,0.94,29.76,18099628.8,5.577191204228094,12598.870549499086,396226.54991243436,0.0,50
10002.0,1.0,1,40,0.0,60,-176655.0804336369,-3533.101608672738,-3225.2152631487697,4314.3721832541705,18613807.335637357,-10785.649266696262,-13867.08329062649,-17913.765994675574,-9310436.769427352,-0.8189144233743487,-64.66144964627998,54.64,49.0,7984.453610639976,0.4076600000000001,0.96,29.18,20940191.4,7.574036244506467,18167.929869035725,383239.2276720351,0.0,50
10002.0,1.0,1,60,0.0,40,-93660.21111173223,-1873.2042222346447,-1500.4300435945916,2573.521514415039,6623012.985157075,-6470.398056042669,-7708.69227358986,-8776.352126180544,-3313379.696800772,-0.7278758742608359,-57.814945130698916,32.4,29.0,5181.288712658162,0.40655,0.98,28.2,14275825.6,8.967556426325169,12949.52988599101,440611.9012345679,0.0,50
10002.0,1.0,1,60,0.0,60,-115346.70888166939,-2306.9341776333877,-1196.8783214583527,3648.211375927895,13309446.243449705,-9456.225871790817,-10812.90711472036,-11725.381996777607,-6657030.055902486,-0.6323466323400749,-56.73719079275425,40.66,36.5,7370.539640381903,0.4082,0.98,26.36,20257073.1,5.915861416486305,15753.565765986801,498206.4215445156,0.0,50
10002.0,1.0,2,20,0.0,40,-114628.76923881483,-2292.5753847762967,-1670.6410505225067,3605.5018168152906,12999643.351058362,-8376.472595669766,-10341.453771361577,-11517.847413724056,-6502114.250913957,-0.6358547301470155,-43.38711931824937,52.84,49.0,6345.917334775842,0.40572,0.98,19.98,12528477.6,8.037995098132518,17975.319683010515,237102.14988644962,0.0,50
10002.0,1.0,2,20,0.0,60,-179244.25182713207,-3584.8850365426415,-2629.9886797800427,4712.948096811297,22211879.763237223,-11154.14833706806,-15037.37445436193,-18905.400005092844,-11109524.766655155,-0.7606459827061017,-64.77927424182583,55.34,48.0,7858.468211026283,0.40557000000000004,0.96,25.16,12802579.2,9.025172669784105,19321.34592793451,231344.04047705093,0.0,50
10002.0,1.0,2,40,0.0,40,-55936.518793004565,-1118.7303758600913,-177.0840408730437,3617.9284015193,13089405.91852,-7839.401863027672,-8769.617361111372,-9181.939895030227,-6545821.68963586,-0.30921849514489735,-28.30795485475939,39.52,33.0,5562.420589823038,0.41008,0.94,24.98,15623128.8,6.878984077549312,11562.251044501842,395322.0850202429,0.0,50
10002.0,1.0,2,40,0.0,60,-178469.1000436786,-3569.382000873572,-2264.7844286048494,5581.123267643235,31148936.928628698,-14714.672327787388,-16541.381887272466,-17299.576295595616,-15578037.846315222,-0.6395454516417071,-83.12487193464304,42.94,37.0,8679.38738350575,0.4066,0.98,22.26,16503284.8,8.530339429401902,18171.242516168204,384333.600372613,0.0,50
10002.0,1.0,2,60,0.0,40,-70770.25669222494,-1415.4051338444988,-159.62014482164523,3857.5054910760878,14880348.613682168,-8353.765176477707,-11030.74836958902,-14417.309267155128,-7441589.711974928,-0.36692238990158665,-44.50959540391506,31.8,35.0,5616.30398131813,0.40681999999999996,0.94,26.14,14409861.6,11.74030630147408,16007.372514163959,453140.3018867924,0.0,50
10002.0,1.0,2,60,0.0,60,-129879.94652457611,-2597.598930491522,-2070.514732788084,5175.921475225922,26790163.11770489,-10868.809482255252,-14226.743538981033,-17249.576295595616,-13397679.157782936,-0.5018621211554679,-77.4477916067836,33.54,28.5,7925.695899260732,0.40692000000000006,0.94,21.08,16545277.8,7.157385292162586,18013.62574046728,493299.8747763864,0.0,50
10002.0,2.0,1,20,0.0,40,-85147.67281320377,-1702.9534562640754,-1478.8252920354134,2383.4409949787355,5680790.976545224,-5258.519513082009,-6966.182395834204,-8443.257726823096,-2842098.441728876,-0.7144936500844882,-22.543731218746032,75.54,63.0,5713.184247536836,0.40643999999999997,1.0,29.4,17859596.0,8.08834771353646,11261.36916521861,236425.68175800898,0.0,50
10002.0,2.0,1,20,0.0,60,-134529.97858594474,-2690.599571718895,-2317.540548629826,3388.237522943496,11480153.511882277,-8332.743449254678,-10799.294801781187,-12036.936474586255,-5742767.355512857,-0.7941000456723206,-36.41851071628174,73.88,59.5,6917.168501980966,0.40841,0.96,34.66,17009393.6,8.765792561454878,15009.999110403354,230230.01624255552,0.0,50
10002.0,2.0,1,40,0.0,40,-122408.4449701375,-2448.16889940275,-1878.4670748299104,3365.0223624543846,11323375.499818088,-7908.971226817975,-10943.381513379127,-12944.447900270228,-5664135.918808447,-0.7275342139528528,-54.37958461578742,45.02,38.0,6222.8290592851245,0.4068800000000001,0.96,29.2,17829566.0,5.708432422422001,13084.755468870339,396036.56152820966,0.0,50
10002.0,2.0,1,40,0.0,60,-168907.21151463233,-3378.1442302926466,-2492.4338083668263,3781.1387119508586,14297009.959013397,-8894.442168322643,-12562.988981749784,-18448.624525030842,-7151883.123736992,-0.8934198101790393,-68.66146809537899,49.2,47.0,7739.58628766186,0.40778000000000003,0.96,26.12,18869786.1,7.140165668550004,19867.356503880656,383532.23780487804,0.0,50
10002.0,2.0,1,60,0.0,40,-80406.83287648536,-1608.1366575297072,-1496.4425176124205,2728.3536287049633,7443913.523267541,-7039.372236802854,-8220.017604207387,-8776.352126180544,-3723564.8982913,-0.5894165040081091,-39.53138292845888,40.68,38.0,4834.035926247264,0.40779000000000004,0.94,35.44,17885586.6,7.894435908379047,12949.52988599101,439665.3539823009,0.0,50
10002.0,2.0,1,60,0.0,60,-250639.9770983454,-5012.799541966908,-4730.342578367097,4618.482313521178,21330378.880307935,-12873.495470475824,-15958.24230760817,-18418.624525030842,-10670202.239695935,-1.0853780964561088,-140.65094113262927,35.64,32.0,9137.02790860062,0.40526,0.92,23.1,17787539.7,5.404250934502734,19938.01554339379,499089.21717171714,0.0,50
10002.0,2.0,2,20,0.0,40,-120240.74561088998,-2404.8149122177997,-1003.0440688888775,3346.4483407243088,11198716.49713648,-8804.160867357632,-9847.36379716592,-11105.293941223761,-5601763.063480457,-0.7186170731972454,-50.52132168524789,47.6,44.0,6308.294628810375,0.40606999999999993,0.92,17.96,11266222.4,7.298226653292148,17975.319683010515,236685.34453781514,0.0,50
10002.0,2.0,2,20,0.0,60,-146337.27833906416,-2926.7455667812833,-2235.6856515138643,4766.521037098462,22719722.797102198,-11499.747223424725,-13673.737783300496,-16227.60454255587,-11362788.14411788,-0.6140213258268288,-52.281985830319464,55.98,50.5,7583.420784559655,0.40578999999999993,0.96,25.24,12932555.8,8.922265402090142,21073.97278767737,231021.003929975,0.0,50
10002.0,2.0,2,40,0.0,40,-103940.82588350173,-2078.8165176700345,-1616.7613172398997,3603.716754903627,12986774.449573128,-7926.786577024747,-11146.86640074176,-15256.945145989303,-6495466.0413042335,-0.5768534707509361,-57.616865789080784,36.08,33.5,6174.822995485635,0.40875,0.98,22.64,14238824.8,7.002630346232253,16943.135891482758,394645.92017738364,0.0,50
10002.0,2.0,2,40,0.0,60,-127244.46538016666,-2544.8893076033332,-1619.71006786637,4839.199579167481,23417852.567014724,-11775.331178653048,-13353.955420510067,-14259.290815408458,-11711471.172814965,-0.5258905457337267,-60.708237299697835,41.92,38.0,8177.880981069853,0.40845,0.92,21.64,16105256.4,7.745416963749168,20996.897919553565,384190.2767175572,0.0,50
10002.0,2.0,2,60,0.0,40,-85867.36814579315,-1717.347362915863,-553.4872482816572,3979.9658970642345,15840128.541794317,-8265.387931573176,-12673.028386955304,-14560.272324569873,-7921781.618260074,-0.43149800961415485,-64.85450766298575,26.48,22.0,5834.51964014403,0.4079,0.94,21.64,12036404.4,10.344743304651667,22449.880886732193,454546.99395770393,0.0,50
10002.0,2.0,2,60,0.0,60,-33627.25225990958,-672.5450451981917,247.08079398964765,3649.860257920609,13321479.902348295,-8190.90670603342,-10524.946999208498,-13529.4496769635,-6661412.496219345,-0.18426597120766713,-15.921994441245069,42.24,38.5,6864.166596915777,0.41033000000000003,0.98,26.54,20788089.0,8.153973875145756,15098.50374372187,492142.25852272724,0.0,50
